-- MySQL dump 10.13  Distrib 8.0.31, for Linux (x86_64)
--
-- Host: localhost    Database: UNIVERSE
-- ------------------------------------------------------
-- Server version	8.0.31

/*!40101 SET @OLD_CHARACTER_SET_CLIENT=@@CHARACTER_SET_CLIENT */;
/*!40101 SET @OLD_CHARACTER_SET_RESULTS=@@CHARACTER_SET_RESULTS */;
/*!40101 SET @OLD_COLLATION_CONNECTION=@@COLLATION_CONNECTION */;
/*!50503 SET NAMES utf8mb4 */;
/*!40103 SET @OLD_TIME_ZONE=@@TIME_ZONE */;
/*!40103 SET TIME_ZONE='+00:00' */;
/*!40014 SET @OLD_UNIQUE_CHECKS=@@UNIQUE_CHECKS, UNIQUE_CHECKS=0 */;
/*!40014 SET @OLD_FOREIGN_KEY_CHECKS=@@FOREIGN_KEY_CHECKS, FOREIGN_KEY_CHECKS=0 */;
/*!40101 SET @OLD_SQL_MODE=@@SQL_MODE, SQL_MODE='NO_AUTO_VALUE_ON_ZERO' */;
/*!40111 SET @OLD_SQL_NOTES=@@SQL_NOTES, SQL_NOTES=0 */;

--
-- Table structure for table `Black_Hole`
--

DROP TABLE IF EXISTS `Black_Hole`;
/*!40101 SET @saved_cs_client     = @@character_set_client */;
/*!50503 SET character_set_client = utf8mb4 */;
CREATE TABLE `Black_Hole` (
  `Black_Hole_name` varchar(255) NOT NULL,
  `Event_horizon` varchar(255) DEFAULT NULL,
  PRIMARY KEY (`Black_Hole_name`)
) ENGINE=InnoDB DEFAULT CHARSET=utf8mb4 COLLATE=utf8mb4_0900_ai_ci;
/*!40101 SET character_set_client = @saved_cs_client */;

--
-- Dumping data for table `Black_Hole`
--

LOCK TABLES `Black_Hole` WRITE;
/*!40000 ALTER TABLE `Black_Hole` DISABLE KEYS */;
INSERT INTO `Black_Hole` VALUES ('Cygnus X1','20'),('Saggitarius A','12');
/*!40000 ALTER TABLE `Black_Hole` ENABLE KEYS */;
UNLOCK TABLES;

--
-- Table structure for table `Black_hole_centers_galaxy`
--

DROP TABLE IF EXISTS `Black_hole_centers_galaxy`;
/*!40101 SET @saved_cs_client     = @@character_set_client */;
/*!50503 SET character_set_client = utf8mb4 */;
CREATE TABLE `Black_hole_centers_galaxy` (
  `Black_Hole_name` varchar(255) DEFAULT NULL,
  `Galaxy_Name` varchar(255) NOT NULL,
  PRIMARY KEY (`Galaxy_Name`),
  KEY `Black_Hole_name` (`Black_Hole_name`),
  CONSTRAINT `Black_hole_centers_galaxy_ibfk_1` FOREIGN KEY (`Black_Hole_name`) REFERENCES `Black_Hole` (`Black_Hole_name`),
  CONSTRAINT `Black_hole_centers_galaxy_ibfk_2` FOREIGN KEY (`Galaxy_Name`) REFERENCES `Galaxy` (`Galaxy_Name`)
) ENGINE=InnoDB DEFAULT CHARSET=utf8mb4 COLLATE=utf8mb4_0900_ai_ci;
/*!40101 SET character_set_client = @saved_cs_client */;

--
-- Dumping data for table `Black_hole_centers_galaxy`
--

LOCK TABLES `Black_hole_centers_galaxy` WRITE;
/*!40000 ALTER TABLE `Black_hole_centers_galaxy` DISABLE KEYS */;
INSERT INTO `Black_hole_centers_galaxy` VALUES ('Saggitarius A','Milky Way');
/*!40000 ALTER TABLE `Black_hole_centers_galaxy` ENABLE KEYS */;
UNLOCK TABLES;

--
-- Table structure for table `Brightness_type`
--

DROP TABLE IF EXISTS `Brightness_type`;
/*!40101 SET @saved_cs_client     = @@character_set_client */;
/*!50503 SET character_set_client = utf8mb4 */;
CREATE TABLE `Brightness_type` (
  `Brightness` double NOT NULL,
  `Type` varchar(255) DEFAULT NULL,
  PRIMARY KEY (`Brightness`)
) ENGINE=InnoDB DEFAULT CHARSET=utf8mb4 COLLATE=utf8mb4_0900_ai_ci;
/*!40101 SET character_set_client = @saved_cs_client */;

--
-- Dumping data for table `Brightness_type`
--

LOCK TABLES `Brightness_type` WRITE;
/*!40000 ALTER TABLE `Brightness_type` DISABLE KEYS */;
INSERT INTO `Brightness_type` VALUES (0.602,'G-Type'),(1,'G2V'),(6.16,'yellow-subgiant'),(25.4,'blue-white'),(107.65,'white dwarf');
/*!40000 ALTER TABLE `Brightness_type` ENABLE KEYS */;
UNLOCK TABLES;

--
-- Table structure for table `Comet`
--

DROP TABLE IF EXISTS `Comet`;
/*!40101 SET @saved_cs_client     = @@character_set_client */;
/*!50503 SET character_set_client = utf8mb4 */;
CREATE TABLE `Comet` (
  `Comet_name` varchar(255) NOT NULL,
  `Comet_mass` mediumtext,
  `Comet_cycle` varchar(255) DEFAULT NULL,
  `Star_Name` varchar(255) DEFAULT NULL,
  PRIMARY KEY (`Comet_name`),
  KEY `Star_Name` (`Star_Name`),
  CONSTRAINT `Comet_ibfk_1` FOREIGN KEY (`Star_Name`) REFERENCES `Star` (`Star_Name`)
) ENGINE=InnoDB DEFAULT CHARSET=utf8mb4 COLLATE=utf8mb4_0900_ai_ci;
/*!40101 SET character_set_client = @saved_cs_client */;

--
-- Dumping data for table `Comet`
--

LOCK TABLES `Comet` WRITE;
/*!40000 ALTER TABLE `Comet` DISABLE KEYS */;
INSERT INTO `Comet` VALUES ('Halleys','2.2','76','Sun'),('Hyakutake','8.18','70000','Sun');
/*!40000 ALTER TABLE `Comet` ENABLE KEYS */;
UNLOCK TABLES;

--
-- Table structure for table `Constellation`
--

DROP TABLE IF EXISTS `Constellation`;
/*!40101 SET @saved_cs_client     = @@character_set_client */;
/*!50503 SET character_set_client = utf8mb4 */;
CREATE TABLE `Constellation` (
  `Constellation_name` varchar(255) DEFAULT NULL,
  `Star_Name1` varchar(255) NOT NULL,
  `Star_Name2` varchar(255) NOT NULL,
  PRIMARY KEY (`Star_Name1`,`Star_Name2`),
  KEY `Star_Name2` (`Star_Name2`),
  CONSTRAINT `Constellation_ibfk_1` FOREIGN KEY (`Star_Name1`) REFERENCES `Star` (`Star_Name`),
  CONSTRAINT `Constellation_ibfk_2` FOREIGN KEY (`Star_Name2`) REFERENCES `Star` (`Star_Name`)
) ENGINE=InnoDB DEFAULT CHARSET=utf8mb4 COLLATE=utf8mb4_0900_ai_ci;
/*!40101 SET character_set_client = @saved_cs_client */;

--
-- Dumping data for table `Constellation`
--

LOCK TABLES `Constellation` WRITE;
/*!40000 ALTER TABLE `Constellation` DISABLE KEYS */;
INSERT INTO `Constellation` VALUES ('orion','HD 37605','HD 38529');
/*!40000 ALTER TABLE `Constellation` ENABLE KEYS */;
UNLOCK TABLES;

--
-- Table structure for table `Galaxy`
--

DROP TABLE IF EXISTS `Galaxy`;
/*!40101 SET @saved_cs_client     = @@character_set_client */;
/*!50503 SET character_set_client = utf8mb4 */;
CREATE TABLE `Galaxy` (
  `Galaxy_Name` varchar(255) NOT NULL,
  `No_of_stars` mediumtext,
  `Galaxy_Radius` mediumtext,
  PRIMARY KEY (`Galaxy_Name`)
) ENGINE=InnoDB DEFAULT CHARSET=utf8mb4 COLLATE=utf8mb4_0900_ai_ci;
/*!40101 SET character_set_client = @saved_cs_client */;

--
-- Dumping data for table `Galaxy`
--

LOCK TABLES `Galaxy` WRITE;
/*!40000 ALTER TABLE `Galaxy` DISABLE KEYS */;
INSERT INTO `Galaxy` VALUES ('Andromeda','0','110000'),('Milky Way','5','52000');
/*!40000 ALTER TABLE `Galaxy` ENABLE KEYS */;
UNLOCK TABLES;

--
-- Table structure for table `Gravity`
--

DROP TABLE IF EXISTS `Gravity`;
/*!40101 SET @saved_cs_client     = @@character_set_client */;
/*!50503 SET character_set_client = utf8mb4 */;
CREATE TABLE `Gravity` (
  `Planet_Name` varchar(100) NOT NULL,
  `Star_Name` varchar(100) NOT NULL,
  `Moon_name` varchar(100) NOT NULL,
  `Comet_name` varchar(100) NOT NULL,
  PRIMARY KEY (`Planet_Name`,`Star_Name`,`Moon_name`,`Comet_name`),
  KEY `Star_Name` (`Star_Name`),
  KEY `Moon_name` (`Moon_name`),
  KEY `Comet_name` (`Comet_name`),
  CONSTRAINT `Gravity_ibfk_1` FOREIGN KEY (`Planet_Name`) REFERENCES `Planet` (`Planet_Name`),
  CONSTRAINT `Gravity_ibfk_2` FOREIGN KEY (`Star_Name`) REFERENCES `Star` (`Star_Name`),
  CONSTRAINT `Gravity_ibfk_3` FOREIGN KEY (`Moon_name`) REFERENCES `Moons` (`Moon_name`),
  CONSTRAINT `Gravity_ibfk_4` FOREIGN KEY (`Comet_name`) REFERENCES `Comet` (`Comet_name`)
) ENGINE=InnoDB DEFAULT CHARSET=utf8mb4 COLLATE=utf8mb4_0900_ai_ci;
/*!40101 SET character_set_client = @saved_cs_client */;

--
-- Dumping data for table `Gravity`
--

LOCK TABLES `Gravity` WRITE;
/*!40000 ALTER TABLE `Gravity` DISABLE KEYS */;
INSERT INTO `Gravity` VALUES ('Earth','HD 37605','Callisto','Halleys'),('Earth','HD 37605','Callisto','Hyakutake'),('Earth','HD 37605','Deimos','Halleys'),('Earth','HD 37605','Deimos','Hyakutake'),('Earth','HD 37605','Dione','Halleys'),('Earth','HD 37605','Dione','Hyakutake'),('Earth','HD 37605','Enceladus','Halleys'),('Earth','HD 37605','Enceladus','Hyakutake'),('Earth','HD 37605','Europa','Halleys'),('Earth','HD 37605','Europa','Hyakutake'),('Earth','HD 37605','Ganymede','Halleys'),('Earth','HD 37605','Ganymede','Hyakutake'),('Earth','HD 37605','Io','Halleys'),('Earth','HD 37605','Io','Hyakutake'),('Earth','HD 37605','Lapetus','Halleys'),('Earth','HD 37605','Lapetus','Hyakutake'),('Earth','HD 37605','Mimas','Halleys'),('Earth','HD 37605','Mimas','Hyakutake'),('Earth','HD 37605','Moon','Halleys'),('Earth','HD 37605','Moon','Hyakutake'),('Earth','HD 37605','Oberon','Halleys'),('Earth','HD 37605','Oberon','Hyakutake'),('Earth','HD 37605','Phobos','Halleys'),('Earth','HD 37605','Phobos','Hyakutake'),('Earth','HD 37605','Thalassa','Halleys'),('Earth','HD 37605','Thalassa','Hyakutake'),('Earth','HD 37605','Titan','Halleys'),('Earth','HD 37605','Titan','Hyakutake'),('Earth','HD 37605','Titania','Halleys'),('Earth','HD 37605','Titania','Hyakutake'),('Earth','HD 37605','Triton','Halleys'),('Earth','HD 37605','Triton','Hyakutake'),('Earth','HD 37605','Umbriel','Halleys'),('Earth','HD 37605','Umbriel','Hyakutake'),('HD 37605 c','HD 37605','Callisto','Halleys'),('HD 37605 c','HD 37605','Callisto','Hyakutake'),('HD 37605 c','HD 37605','Deimos','Halleys'),('HD 37605 c','HD 37605','Deimos','Hyakutake'),('HD 37605 c','HD 37605','Dione','Halleys'),('HD 37605 c','HD 37605','Dione','Hyakutake'),('HD 37605 c','HD 37605','Enceladus','Halleys'),('HD 37605 c','HD 37605','Enceladus','Hyakutake'),('HD 37605 c','HD 37605','Europa','Halleys'),('HD 37605 c','HD 37605','Europa','Hyakutake'),('HD 37605 c','HD 37605','Ganymede','Halleys'),('HD 37605 c','HD 37605','Ganymede','Hyakutake'),('HD 37605 c','HD 37605','Io','Halleys'),('HD 37605 c','HD 37605','Io','Hyakutake'),('HD 37605 c','HD 37605','Lapetus','Halleys'),('HD 37605 c','HD 37605','Lapetus','Hyakutake'),('HD 37605 c','HD 37605','Mimas','Halleys'),('HD 37605 c','HD 37605','Mimas','Hyakutake'),('HD 37605 c','HD 37605','Moon','Halleys'),('HD 37605 c','HD 37605','Moon','Hyakutake'),('HD 37605 c','HD 37605','Oberon','Halleys'),('HD 37605 c','HD 37605','Oberon','Hyakutake'),('HD 37605 c','HD 37605','Phobos','Halleys'),('HD 37605 c','HD 37605','Phobos','Hyakutake'),('HD 37605 c','HD 37605','Thalassa','Halleys'),('HD 37605 c','HD 37605','Thalassa','Hyakutake'),('HD 37605 c','HD 37605','Titan','Halleys'),('HD 37605 c','HD 37605','Titan','Hyakutake'),('HD 37605 c','HD 37605','Titania','Halleys'),('HD 37605 c','HD 37605','Titania','Hyakutake'),('HD 37605 c','HD 37605','Triton','Halleys'),('HD 37605 c','HD 37605','Triton','Hyakutake'),('HD 37605 c','HD 37605','Umbriel','Halleys'),('HD 37605 c','HD 37605','Umbriel','Hyakutake'),('HD 38529 b','HD 37605','Callisto','Halleys'),('HD 38529 b','HD 37605','Callisto','Hyakutake'),('HD 38529 b','HD 37605','Deimos','Halleys'),('HD 38529 b','HD 37605','Deimos','Hyakutake'),('HD 38529 b','HD 37605','Dione','Halleys'),('HD 38529 b','HD 37605','Dione','Hyakutake'),('HD 38529 b','HD 37605','Enceladus','Halleys'),('HD 38529 b','HD 37605','Enceladus','Hyakutake'),('HD 38529 b','HD 37605','Europa','Halleys'),('HD 38529 b','HD 37605','Europa','Hyakutake'),('HD 38529 b','HD 37605','Ganymede','Halleys'),('HD 38529 b','HD 37605','Ganymede','Hyakutake'),('HD 38529 b','HD 37605','Io','Halleys'),('HD 38529 b','HD 37605','Io','Hyakutake'),('HD 38529 b','HD 37605','Lapetus','Halleys'),('HD 38529 b','HD 37605','Lapetus','Hyakutake'),('HD 38529 b','HD 37605','Mimas','Halleys'),('HD 38529 b','HD 37605','Mimas','Hyakutake'),('HD 38529 b','HD 37605','Moon','Halleys'),('HD 38529 b','HD 37605','Moon','Hyakutake'),('HD 38529 b','HD 37605','Oberon','Halleys'),('HD 38529 b','HD 37605','Oberon','Hyakutake'),('HD 38529 b','HD 37605','Phobos','Halleys'),('HD 38529 b','HD 37605','Phobos','Hyakutake'),('HD 38529 b','HD 37605','Thalassa','Halleys'),('HD 38529 b','HD 37605','Thalassa','Hyakutake'),('HD 38529 b','HD 37605','Titan','Halleys'),('HD 38529 b','HD 37605','Titan','Hyakutake'),('HD 38529 b','HD 37605','Titania','Halleys'),('HD 38529 b','HD 37605','Titania','Hyakutake'),('HD 38529 b','HD 37605','Triton','Halleys'),('HD 38529 b','HD 37605','Triton','Hyakutake'),('HD 38529 b','HD 37605','Umbriel','Halleys'),('HD 38529 b','HD 37605','Umbriel','Hyakutake'),('HD 38529 c','HD 37605','Callisto','Halleys'),('HD 38529 c','HD 37605','Callisto','Hyakutake'),('HD 38529 c','HD 37605','Deimos','Halleys'),('HD 38529 c','HD 37605','Deimos','Hyakutake'),('HD 38529 c','HD 37605','Dione','Halleys'),('HD 38529 c','HD 37605','Dione','Hyakutake'),('HD 38529 c','HD 37605','Enceladus','Halleys'),('HD 38529 c','HD 37605','Enceladus','Hyakutake'),('HD 38529 c','HD 37605','Europa','Halleys'),('HD 38529 c','HD 37605','Europa','Hyakutake'),('HD 38529 c','HD 37605','Ganymede','Halleys'),('HD 38529 c','HD 37605','Ganymede','Hyakutake'),('HD 38529 c','HD 37605','Io','Halleys'),('HD 38529 c','HD 37605','Io','Hyakutake'),('HD 38529 c','HD 37605','Lapetus','Halleys'),('HD 38529 c','HD 37605','Lapetus','Hyakutake'),('HD 38529 c','HD 37605','Mimas','Halleys'),('HD 38529 c','HD 37605','Mimas','Hyakutake'),('HD 38529 c','HD 37605','Moon','Halleys'),('HD 38529 c','HD 37605','Moon','Hyakutake'),('HD 38529 c','HD 37605','Oberon','Halleys'),('HD 38529 c','HD 37605','Oberon','Hyakutake'),('HD 38529 c','HD 37605','Phobos','Halleys'),('HD 38529 c','HD 37605','Phobos','Hyakutake'),('HD 38529 c','HD 37605','Thalassa','Halleys'),('HD 38529 c','HD 37605','Thalassa','Hyakutake'),('HD 38529 c','HD 37605','Titan','Halleys'),('HD 38529 c','HD 37605','Titan','Hyakutake'),('HD 38529 c','HD 37605','Titania','Halleys'),('HD 38529 c','HD 37605','Titania','Hyakutake'),('HD 38529 c','HD 37605','Triton','Halleys'),('HD 38529 c','HD 37605','Triton','Hyakutake'),('HD 38529 c','HD 37605','Umbriel','Halleys'),('HD 38529 c','HD 37605','Umbriel','Hyakutake'),('Jupiter','HD 37605','Callisto','Halleys'),('Jupiter','HD 37605','Callisto','Hyakutake'),('Jupiter','HD 37605','Deimos','Halleys'),('Jupiter','HD 37605','Deimos','Hyakutake'),('Jupiter','HD 37605','Dione','Halleys'),('Jupiter','HD 37605','Dione','Hyakutake'),('Jupiter','HD 37605','Enceladus','Halleys'),('Jupiter','HD 37605','Enceladus','Hyakutake'),('Jupiter','HD 37605','Europa','Halleys'),('Jupiter','HD 37605','Europa','Hyakutake'),('Jupiter','HD 37605','Ganymede','Halleys'),('Jupiter','HD 37605','Ganymede','Hyakutake'),('Jupiter','HD 37605','Io','Halleys'),('Jupiter','HD 37605','Io','Hyakutake'),('Jupiter','HD 37605','Lapetus','Halleys'),('Jupiter','HD 37605','Lapetus','Hyakutake'),('Jupiter','HD 37605','Mimas','Halleys'),('Jupiter','HD 37605','Mimas','Hyakutake'),('Jupiter','HD 37605','Moon','Halleys'),('Jupiter','HD 37605','Moon','Hyakutake'),('Jupiter','HD 37605','Oberon','Halleys'),('Jupiter','HD 37605','Oberon','Hyakutake'),('Jupiter','HD 37605','Phobos','Halleys'),('Jupiter','HD 37605','Phobos','Hyakutake'),('Jupiter','HD 37605','Thalassa','Halleys'),('Jupiter','HD 37605','Thalassa','Hyakutake'),('Jupiter','HD 37605','Titan','Halleys'),('Jupiter','HD 37605','Titan','Hyakutake'),('Jupiter','HD 37605','Titania','Halleys'),('Jupiter','HD 37605','Titania','Hyakutake'),('Jupiter','HD 37605','Triton','Halleys'),('Jupiter','HD 37605','Triton','Hyakutake'),('Jupiter','HD 37605','Umbriel','Halleys'),('Jupiter','HD 37605','Umbriel','Hyakutake'),('Mars','HD 37605','Callisto','Halleys'),('Mars','HD 37605','Callisto','Hyakutake'),('Mars','HD 37605','Deimos','Halleys'),('Mars','HD 37605','Deimos','Hyakutake'),('Mars','HD 37605','Dione','Halleys'),('Mars','HD 37605','Dione','Hyakutake'),('Mars','HD 37605','Enceladus','Halleys'),('Mars','HD 37605','Enceladus','Hyakutake'),('Mars','HD 37605','Europa','Halleys'),('Mars','HD 37605','Europa','Hyakutake'),('Mars','HD 37605','Ganymede','Halleys'),('Mars','HD 37605','Ganymede','Hyakutake'),('Mars','HD 37605','Io','Halleys'),('Mars','HD 37605','Io','Hyakutake'),('Mars','HD 37605','Lapetus','Halleys'),('Mars','HD 37605','Lapetus','Hyakutake'),('Mars','HD 37605','Mimas','Halleys'),('Mars','HD 37605','Mimas','Hyakutake'),('Mars','HD 37605','Moon','Halleys'),('Mars','HD 37605','Moon','Hyakutake'),('Mars','HD 37605','Oberon','Halleys'),('Mars','HD 37605','Oberon','Hyakutake'),('Mars','HD 37605','Phobos','Halleys'),('Mars','HD 37605','Phobos','Hyakutake'),('Mars','HD 37605','Thalassa','Halleys'),('Mars','HD 37605','Thalassa','Hyakutake'),('Mars','HD 37605','Titan','Halleys'),('Mars','HD 37605','Titan','Hyakutake'),('Mars','HD 37605','Titania','Halleys'),('Mars','HD 37605','Titania','Hyakutake'),('Mars','HD 37605','Triton','Halleys'),('Mars','HD 37605','Triton','Hyakutake'),('Mars','HD 37605','Umbriel','Halleys'),('Mars','HD 37605','Umbriel','Hyakutake'),('Mercury','HD 37605','Callisto','Halleys'),('Mercury','HD 37605','Callisto','Hyakutake'),('Mercury','HD 37605','Deimos','Halleys'),('Mercury','HD 37605','Deimos','Hyakutake'),('Mercury','HD 37605','Dione','Halleys'),('Mercury','HD 37605','Dione','Hyakutake'),('Mercury','HD 37605','Enceladus','Halleys'),('Mercury','HD 37605','Enceladus','Hyakutake'),('Mercury','HD 37605','Europa','Halleys'),('Mercury','HD 37605','Europa','Hyakutake'),('Mercury','HD 37605','Ganymede','Halleys'),('Mercury','HD 37605','Ganymede','Hyakutake'),('Mercury','HD 37605','Io','Halleys'),('Mercury','HD 37605','Io','Hyakutake'),('Mercury','HD 37605','Lapetus','Halleys'),('Mercury','HD 37605','Lapetus','Hyakutake'),('Mercury','HD 37605','Mimas','Halleys'),('Mercury','HD 37605','Mimas','Hyakutake'),('Mercury','HD 37605','Moon','Halleys'),('Mercury','HD 37605','Moon','Hyakutake'),('Mercury','HD 37605','Oberon','Halleys'),('Mercury','HD 37605','Oberon','Hyakutake'),('Mercury','HD 37605','Phobos','Halleys'),('Mercury','HD 37605','Phobos','Hyakutake'),('Mercury','HD 37605','Thalassa','Halleys'),('Mercury','HD 37605','Thalassa','Hyakutake'),('Mercury','HD 37605','Titan','Halleys'),('Mercury','HD 37605','Titan','Hyakutake'),('Mercury','HD 37605','Titania','Halleys'),('Mercury','HD 37605','Titania','Hyakutake'),('Mercury','HD 37605','Triton','Halleys'),('Mercury','HD 37605','Triton','Hyakutake'),('Mercury','HD 37605','Umbriel','Halleys'),('Mercury','HD 37605','Umbriel','Hyakutake'),('Neptune','HD 37605','Callisto','Halleys'),('Neptune','HD 37605','Callisto','Hyakutake'),('Neptune','HD 37605','Deimos','Halleys'),('Neptune','HD 37605','Deimos','Hyakutake'),('Neptune','HD 37605','Dione','Halleys'),('Neptune','HD 37605','Dione','Hyakutake'),('Neptune','HD 37605','Enceladus','Halleys'),('Neptune','HD 37605','Enceladus','Hyakutake'),('Neptune','HD 37605','Europa','Halleys'),('Neptune','HD 37605','Europa','Hyakutake'),('Neptune','HD 37605','Ganymede','Halleys'),('Neptune','HD 37605','Ganymede','Hyakutake'),('Neptune','HD 37605','Io','Halleys'),('Neptune','HD 37605','Io','Hyakutake'),('Neptune','HD 37605','Lapetus','Halleys'),('Neptune','HD 37605','Lapetus','Hyakutake'),('Neptune','HD 37605','Mimas','Halleys'),('Neptune','HD 37605','Mimas','Hyakutake'),('Neptune','HD 37605','Moon','Halleys'),('Neptune','HD 37605','Moon','Hyakutake'),('Neptune','HD 37605','Oberon','Halleys'),('Neptune','HD 37605','Oberon','Hyakutake'),('Neptune','HD 37605','Phobos','Halleys'),('Neptune','HD 37605','Phobos','Hyakutake'),('Neptune','HD 37605','Thalassa','Halleys'),('Neptune','HD 37605','Thalassa','Hyakutake'),('Neptune','HD 37605','Titan','Halleys'),('Neptune','HD 37605','Titan','Hyakutake'),('Neptune','HD 37605','Titania','Halleys'),('Neptune','HD 37605','Titania','Hyakutake'),('Neptune','HD 37605','Triton','Halleys'),('Neptune','HD 37605','Triton','Hyakutake'),('Neptune','HD 37605','Umbriel','Halleys'),('Neptune','HD 37605','Umbriel','Hyakutake'),('Saturn','HD 37605','Callisto','Halleys'),('Saturn','HD 37605','Callisto','Hyakutake'),('Saturn','HD 37605','Deimos','Halleys'),('Saturn','HD 37605','Deimos','Hyakutake'),('Saturn','HD 37605','Dione','Halleys'),('Saturn','HD 37605','Dione','Hyakutake'),('Saturn','HD 37605','Enceladus','Halleys'),('Saturn','HD 37605','Enceladus','Hyakutake'),('Saturn','HD 37605','Europa','Halleys'),('Saturn','HD 37605','Europa','Hyakutake'),('Saturn','HD 37605','Ganymede','Halleys'),('Saturn','HD 37605','Ganymede','Hyakutake'),('Saturn','HD 37605','Io','Halleys'),('Saturn','HD 37605','Io','Hyakutake'),('Saturn','HD 37605','Lapetus','Halleys'),('Saturn','HD 37605','Lapetus','Hyakutake'),('Saturn','HD 37605','Mimas','Halleys'),('Saturn','HD 37605','Mimas','Hyakutake'),('Saturn','HD 37605','Moon','Halleys'),('Saturn','HD 37605','Moon','Hyakutake'),('Saturn','HD 37605','Oberon','Halleys'),('Saturn','HD 37605','Oberon','Hyakutake'),('Saturn','HD 37605','Phobos','Halleys'),('Saturn','HD 37605','Phobos','Hyakutake'),('Saturn','HD 37605','Thalassa','Halleys'),('Saturn','HD 37605','Thalassa','Hyakutake'),('Saturn','HD 37605','Titan','Halleys'),('Saturn','HD 37605','Titan','Hyakutake'),('Saturn','HD 37605','Titania','Halleys'),('Saturn','HD 37605','Titania','Hyakutake'),('Saturn','HD 37605','Triton','Halleys'),('Saturn','HD 37605','Triton','Hyakutake'),('Saturn','HD 37605','Umbriel','Halleys'),('Saturn','HD 37605','Umbriel','Hyakutake'),('Uranus','HD 37605','Callisto','Halleys'),('Uranus','HD 37605','Callisto','Hyakutake'),('Uranus','HD 37605','Deimos','Halleys'),('Uranus','HD 37605','Deimos','Hyakutake'),('Uranus','HD 37605','Dione','Halleys'),('Uranus','HD 37605','Dione','Hyakutake'),('Uranus','HD 37605','Enceladus','Halleys'),('Uranus','HD 37605','Enceladus','Hyakutake'),('Uranus','HD 37605','Europa','Halleys'),('Uranus','HD 37605','Europa','Hyakutake'),('Uranus','HD 37605','Ganymede','Halleys'),('Uranus','HD 37605','Ganymede','Hyakutake'),('Uranus','HD 37605','Io','Halleys'),('Uranus','HD 37605','Io','Hyakutake'),('Uranus','HD 37605','Lapetus','Halleys'),('Uranus','HD 37605','Lapetus','Hyakutake'),('Uranus','HD 37605','Mimas','Halleys'),('Uranus','HD 37605','Mimas','Hyakutake'),('Uranus','HD 37605','Moon','Halleys'),('Uranus','HD 37605','Moon','Hyakutake'),('Uranus','HD 37605','Oberon','Halleys'),('Uranus','HD 37605','Oberon','Hyakutake'),('Uranus','HD 37605','Phobos','Halleys'),('Uranus','HD 37605','Phobos','Hyakutake'),('Uranus','HD 37605','Thalassa','Halleys'),('Uranus','HD 37605','Thalassa','Hyakutake'),('Uranus','HD 37605','Titan','Halleys'),('Uranus','HD 37605','Titan','Hyakutake'),('Uranus','HD 37605','Titania','Halleys'),('Uranus','HD 37605','Titania','Hyakutake'),('Uranus','HD 37605','Triton','Halleys'),('Uranus','HD 37605','Triton','Hyakutake'),('Uranus','HD 37605','Umbriel','Halleys'),('Uranus','HD 37605','Umbriel','Hyakutake'),('Venus','HD 37605','Callisto','Halleys'),('Venus','HD 37605','Callisto','Hyakutake'),('Venus','HD 37605','Deimos','Halleys'),('Venus','HD 37605','Deimos','Hyakutake'),('Venus','HD 37605','Dione','Halleys'),('Venus','HD 37605','Dione','Hyakutake'),('Venus','HD 37605','Enceladus','Halleys'),('Venus','HD 37605','Enceladus','Hyakutake'),('Venus','HD 37605','Europa','Halleys'),('Venus','HD 37605','Europa','Hyakutake'),('Venus','HD 37605','Ganymede','Halleys'),('Venus','HD 37605','Ganymede','Hyakutake'),('Venus','HD 37605','Io','Halleys'),('Venus','HD 37605','Io','Hyakutake'),('Venus','HD 37605','Lapetus','Halleys'),('Venus','HD 37605','Lapetus','Hyakutake'),('Venus','HD 37605','Mimas','Halleys'),('Venus','HD 37605','Mimas','Hyakutake'),('Venus','HD 37605','Moon','Halleys'),('Venus','HD 37605','Moon','Hyakutake'),('Venus','HD 37605','Oberon','Halleys'),('Venus','HD 37605','Oberon','Hyakutake'),('Venus','HD 37605','Phobos','Halleys'),('Venus','HD 37605','Phobos','Hyakutake'),('Venus','HD 37605','Thalassa','Halleys'),('Venus','HD 37605','Thalassa','Hyakutake'),('Venus','HD 37605','Titan','Halleys'),('Venus','HD 37605','Titan','Hyakutake'),('Venus','HD 37605','Titania','Halleys'),('Venus','HD 37605','Titania','Hyakutake'),('Venus','HD 37605','Triton','Halleys'),('Venus','HD 37605','Triton','Hyakutake'),('Venus','HD 37605','Umbriel','Halleys'),('Venus','HD 37605','Umbriel','Hyakutake'),('Earth','HD 38529','Callisto','Halleys'),('Earth','HD 38529','Callisto','Hyakutake'),('Earth','HD 38529','Deimos','Halleys'),('Earth','HD 38529','Deimos','Hyakutake'),('Earth','HD 38529','Dione','Halleys'),('Earth','HD 38529','Dione','Hyakutake'),('Earth','HD 38529','Enceladus','Halleys'),('Earth','HD 38529','Enceladus','Hyakutake'),('Earth','HD 38529','Europa','Halleys'),('Earth','HD 38529','Europa','Hyakutake'),('Earth','HD 38529','Ganymede','Halleys'),('Earth','HD 38529','Ganymede','Hyakutake'),('Earth','HD 38529','Io','Halleys'),('Earth','HD 38529','Io','Hyakutake'),('Earth','HD 38529','Lapetus','Halleys'),('Earth','HD 38529','Lapetus','Hyakutake'),('Earth','HD 38529','Mimas','Halleys'),('Earth','HD 38529','Mimas','Hyakutake'),('Earth','HD 38529','Moon','Halleys'),('Earth','HD 38529','Moon','Hyakutake'),('Earth','HD 38529','Oberon','Halleys'),('Earth','HD 38529','Oberon','Hyakutake'),('Earth','HD 38529','Phobos','Halleys'),('Earth','HD 38529','Phobos','Hyakutake'),('Earth','HD 38529','Thalassa','Halleys'),('Earth','HD 38529','Thalassa','Hyakutake'),('Earth','HD 38529','Titan','Halleys'),('Earth','HD 38529','Titan','Hyakutake'),('Earth','HD 38529','Titania','Halleys'),('Earth','HD 38529','Titania','Hyakutake'),('Earth','HD 38529','Triton','Halleys'),('Earth','HD 38529','Triton','Hyakutake'),('Earth','HD 38529','Umbriel','Halleys'),('Earth','HD 38529','Umbriel','Hyakutake'),('HD 37605 c','HD 38529','Callisto','Halleys'),('HD 37605 c','HD 38529','Callisto','Hyakutake'),('HD 37605 c','HD 38529','Deimos','Halleys'),('HD 37605 c','HD 38529','Deimos','Hyakutake'),('HD 37605 c','HD 38529','Dione','Halleys'),('HD 37605 c','HD 38529','Dione','Hyakutake'),('HD 37605 c','HD 38529','Enceladus','Halleys'),('HD 37605 c','HD 38529','Enceladus','Hyakutake'),('HD 37605 c','HD 38529','Europa','Halleys'),('HD 37605 c','HD 38529','Europa','Hyakutake'),('HD 37605 c','HD 38529','Ganymede','Halleys'),('HD 37605 c','HD 38529','Ganymede','Hyakutake'),('HD 37605 c','HD 38529','Io','Halleys'),('HD 37605 c','HD 38529','Io','Hyakutake'),('HD 37605 c','HD 38529','Lapetus','Halleys'),('HD 37605 c','HD 38529','Lapetus','Hyakutake'),('HD 37605 c','HD 38529','Mimas','Halleys'),('HD 37605 c','HD 38529','Mimas','Hyakutake'),('HD 37605 c','HD 38529','Moon','Halleys'),('HD 37605 c','HD 38529','Moon','Hyakutake'),('HD 37605 c','HD 38529','Oberon','Halleys'),('HD 37605 c','HD 38529','Oberon','Hyakutake'),('HD 37605 c','HD 38529','Phobos','Halleys'),('HD 37605 c','HD 38529','Phobos','Hyakutake'),('HD 37605 c','HD 38529','Thalassa','Halleys'),('HD 37605 c','HD 38529','Thalassa','Hyakutake'),('HD 37605 c','HD 38529','Titan','Halleys'),('HD 37605 c','HD 38529','Titan','Hyakutake'),('HD 37605 c','HD 38529','Titania','Halleys'),('HD 37605 c','HD 38529','Titania','Hyakutake'),('HD 37605 c','HD 38529','Triton','Halleys'),('HD 37605 c','HD 38529','Triton','Hyakutake'),('HD 37605 c','HD 38529','Umbriel','Halleys'),('HD 37605 c','HD 38529','Umbriel','Hyakutake'),('HD 38529 b','HD 38529','Callisto','Halleys'),('HD 38529 b','HD 38529','Callisto','Hyakutake'),('HD 38529 b','HD 38529','Deimos','Halleys'),('HD 38529 b','HD 38529','Deimos','Hyakutake'),('HD 38529 b','HD 38529','Dione','Halleys'),('HD 38529 b','HD 38529','Dione','Hyakutake'),('HD 38529 b','HD 38529','Enceladus','Halleys'),('HD 38529 b','HD 38529','Enceladus','Hyakutake'),('HD 38529 b','HD 38529','Europa','Halleys'),('HD 38529 b','HD 38529','Europa','Hyakutake'),('HD 38529 b','HD 38529','Ganymede','Halleys'),('HD 38529 b','HD 38529','Ganymede','Hyakutake'),('HD 38529 b','HD 38529','Io','Halleys'),('HD 38529 b','HD 38529','Io','Hyakutake'),('HD 38529 b','HD 38529','Lapetus','Halleys'),('HD 38529 b','HD 38529','Lapetus','Hyakutake'),('HD 38529 b','HD 38529','Mimas','Halleys'),('HD 38529 b','HD 38529','Mimas','Hyakutake'),('HD 38529 b','HD 38529','Moon','Halleys'),('HD 38529 b','HD 38529','Moon','Hyakutake'),('HD 38529 b','HD 38529','Oberon','Halleys'),('HD 38529 b','HD 38529','Oberon','Hyakutake'),('HD 38529 b','HD 38529','Phobos','Halleys'),('HD 38529 b','HD 38529','Phobos','Hyakutake'),('HD 38529 b','HD 38529','Thalassa','Halleys'),('HD 38529 b','HD 38529','Thalassa','Hyakutake'),('HD 38529 b','HD 38529','Titan','Halleys'),('HD 38529 b','HD 38529','Titan','Hyakutake'),('HD 38529 b','HD 38529','Titania','Halleys'),('HD 38529 b','HD 38529','Titania','Hyakutake'),('HD 38529 b','HD 38529','Triton','Halleys'),('HD 38529 b','HD 38529','Triton','Hyakutake'),('HD 38529 b','HD 38529','Umbriel','Halleys'),('HD 38529 b','HD 38529','Umbriel','Hyakutake'),('HD 38529 c','HD 38529','Callisto','Halleys'),('HD 38529 c','HD 38529','Callisto','Hyakutake'),('HD 38529 c','HD 38529','Deimos','Halleys'),('HD 38529 c','HD 38529','Deimos','Hyakutake'),('HD 38529 c','HD 38529','Dione','Halleys'),('HD 38529 c','HD 38529','Dione','Hyakutake'),('HD 38529 c','HD 38529','Enceladus','Halleys'),('HD 38529 c','HD 38529','Enceladus','Hyakutake'),('HD 38529 c','HD 38529','Europa','Halleys'),('HD 38529 c','HD 38529','Europa','Hyakutake'),('HD 38529 c','HD 38529','Ganymede','Halleys'),('HD 38529 c','HD 38529','Ganymede','Hyakutake'),('HD 38529 c','HD 38529','Io','Halleys'),('HD 38529 c','HD 38529','Io','Hyakutake'),('HD 38529 c','HD 38529','Lapetus','Halleys'),('HD 38529 c','HD 38529','Lapetus','Hyakutake'),('HD 38529 c','HD 38529','Mimas','Halleys'),('HD 38529 c','HD 38529','Mimas','Hyakutake'),('HD 38529 c','HD 38529','Moon','Halleys'),('HD 38529 c','HD 38529','Moon','Hyakutake'),('HD 38529 c','HD 38529','Oberon','Halleys'),('HD 38529 c','HD 38529','Oberon','Hyakutake'),('HD 38529 c','HD 38529','Phobos','Halleys'),('HD 38529 c','HD 38529','Phobos','Hyakutake'),('HD 38529 c','HD 38529','Thalassa','Halleys'),('HD 38529 c','HD 38529','Thalassa','Hyakutake'),('HD 38529 c','HD 38529','Titan','Halleys'),('HD 38529 c','HD 38529','Titan','Hyakutake'),('HD 38529 c','HD 38529','Titania','Halleys'),('HD 38529 c','HD 38529','Titania','Hyakutake'),('HD 38529 c','HD 38529','Triton','Halleys'),('HD 38529 c','HD 38529','Triton','Hyakutake'),('HD 38529 c','HD 38529','Umbriel','Halleys'),('HD 38529 c','HD 38529','Umbriel','Hyakutake'),('Jupiter','HD 38529','Callisto','Halleys'),('Jupiter','HD 38529','Callisto','Hyakutake'),('Jupiter','HD 38529','Deimos','Halleys'),('Jupiter','HD 38529','Deimos','Hyakutake'),('Jupiter','HD 38529','Dione','Halleys'),('Jupiter','HD 38529','Dione','Hyakutake'),('Jupiter','HD 38529','Enceladus','Halleys'),('Jupiter','HD 38529','Enceladus','Hyakutake'),('Jupiter','HD 38529','Europa','Halleys'),('Jupiter','HD 38529','Europa','Hyakutake'),('Jupiter','HD 38529','Ganymede','Halleys'),('Jupiter','HD 38529','Ganymede','Hyakutake'),('Jupiter','HD 38529','Io','Halleys'),('Jupiter','HD 38529','Io','Hyakutake'),('Jupiter','HD 38529','Lapetus','Halleys'),('Jupiter','HD 38529','Lapetus','Hyakutake'),('Jupiter','HD 38529','Mimas','Halleys'),('Jupiter','HD 38529','Mimas','Hyakutake'),('Jupiter','HD 38529','Moon','Halleys'),('Jupiter','HD 38529','Moon','Hyakutake'),('Jupiter','HD 38529','Oberon','Halleys'),('Jupiter','HD 38529','Oberon','Hyakutake'),('Jupiter','HD 38529','Phobos','Halleys'),('Jupiter','HD 38529','Phobos','Hyakutake'),('Jupiter','HD 38529','Thalassa','Halleys'),('Jupiter','HD 38529','Thalassa','Hyakutake'),('Jupiter','HD 38529','Titan','Halleys'),('Jupiter','HD 38529','Titan','Hyakutake'),('Jupiter','HD 38529','Titania','Halleys'),('Jupiter','HD 38529','Titania','Hyakutake'),('Jupiter','HD 38529','Triton','Halleys'),('Jupiter','HD 38529','Triton','Hyakutake'),('Jupiter','HD 38529','Umbriel','Halleys'),('Jupiter','HD 38529','Umbriel','Hyakutake'),('Mars','HD 38529','Callisto','Halleys'),('Mars','HD 38529','Callisto','Hyakutake'),('Mars','HD 38529','Deimos','Halleys'),('Mars','HD 38529','Deimos','Hyakutake'),('Mars','HD 38529','Dione','Halleys'),('Mars','HD 38529','Dione','Hyakutake'),('Mars','HD 38529','Enceladus','Halleys'),('Mars','HD 38529','Enceladus','Hyakutake'),('Mars','HD 38529','Europa','Halleys'),('Mars','HD 38529','Europa','Hyakutake'),('Mars','HD 38529','Ganymede','Halleys'),('Mars','HD 38529','Ganymede','Hyakutake'),('Mars','HD 38529','Io','Halleys'),('Mars','HD 38529','Io','Hyakutake'),('Mars','HD 38529','Lapetus','Halleys'),('Mars','HD 38529','Lapetus','Hyakutake'),('Mars','HD 38529','Mimas','Halleys'),('Mars','HD 38529','Mimas','Hyakutake'),('Mars','HD 38529','Moon','Halleys'),('Mars','HD 38529','Moon','Hyakutake'),('Mars','HD 38529','Oberon','Halleys'),('Mars','HD 38529','Oberon','Hyakutake'),('Mars','HD 38529','Phobos','Halleys'),('Mars','HD 38529','Phobos','Hyakutake'),('Mars','HD 38529','Thalassa','Halleys'),('Mars','HD 38529','Thalassa','Hyakutake'),('Mars','HD 38529','Titan','Halleys'),('Mars','HD 38529','Titan','Hyakutake'),('Mars','HD 38529','Titania','Halleys'),('Mars','HD 38529','Titania','Hyakutake'),('Mars','HD 38529','Triton','Halleys'),('Mars','HD 38529','Triton','Hyakutake'),('Mars','HD 38529','Umbriel','Halleys'),('Mars','HD 38529','Umbriel','Hyakutake'),('Mercury','HD 38529','Callisto','Halleys'),('Mercury','HD 38529','Callisto','Hyakutake'),('Mercury','HD 38529','Deimos','Halleys'),('Mercury','HD 38529','Deimos','Hyakutake'),('Mercury','HD 38529','Dione','Halleys'),('Mercury','HD 38529','Dione','Hyakutake'),('Mercury','HD 38529','Enceladus','Halleys'),('Mercury','HD 38529','Enceladus','Hyakutake'),('Mercury','HD 38529','Europa','Halleys'),('Mercury','HD 38529','Europa','Hyakutake'),('Mercury','HD 38529','Ganymede','Halleys'),('Mercury','HD 38529','Ganymede','Hyakutake'),('Mercury','HD 38529','Io','Halleys'),('Mercury','HD 38529','Io','Hyakutake'),('Mercury','HD 38529','Lapetus','Halleys'),('Mercury','HD 38529','Lapetus','Hyakutake'),('Mercury','HD 38529','Mimas','Halleys'),('Mercury','HD 38529','Mimas','Hyakutake'),('Mercury','HD 38529','Moon','Halleys'),('Mercury','HD 38529','Moon','Hyakutake'),('Mercury','HD 38529','Oberon','Halleys'),('Mercury','HD 38529','Oberon','Hyakutake'),('Mercury','HD 38529','Phobos','Halleys'),('Mercury','HD 38529','Phobos','Hyakutake'),('Mercury','HD 38529','Thalassa','Halleys'),('Mercury','HD 38529','Thalassa','Hyakutake'),('Mercury','HD 38529','Titan','Halleys'),('Mercury','HD 38529','Titan','Hyakutake'),('Mercury','HD 38529','Titania','Halleys'),('Mercury','HD 38529','Titania','Hyakutake'),('Mercury','HD 38529','Triton','Halleys'),('Mercury','HD 38529','Triton','Hyakutake'),('Mercury','HD 38529','Umbriel','Halleys'),('Mercury','HD 38529','Umbriel','Hyakutake'),('Neptune','HD 38529','Callisto','Halleys'),('Neptune','HD 38529','Callisto','Hyakutake'),('Neptune','HD 38529','Deimos','Halleys'),('Neptune','HD 38529','Deimos','Hyakutake'),('Neptune','HD 38529','Dione','Halleys'),('Neptune','HD 38529','Dione','Hyakutake'),('Neptune','HD 38529','Enceladus','Halleys'),('Neptune','HD 38529','Enceladus','Hyakutake'),('Neptune','HD 38529','Europa','Halleys'),('Neptune','HD 38529','Europa','Hyakutake'),('Neptune','HD 38529','Ganymede','Halleys'),('Neptune','HD 38529','Ganymede','Hyakutake'),('Neptune','HD 38529','Io','Halleys'),('Neptune','HD 38529','Io','Hyakutake'),('Neptune','HD 38529','Lapetus','Halleys'),('Neptune','HD 38529','Lapetus','Hyakutake'),('Neptune','HD 38529','Mimas','Halleys'),('Neptune','HD 38529','Mimas','Hyakutake'),('Neptune','HD 38529','Moon','Halleys'),('Neptune','HD 38529','Moon','Hyakutake'),('Neptune','HD 38529','Oberon','Halleys'),('Neptune','HD 38529','Oberon','Hyakutake'),('Neptune','HD 38529','Phobos','Halleys'),('Neptune','HD 38529','Phobos','Hyakutake'),('Neptune','HD 38529','Thalassa','Halleys'),('Neptune','HD 38529','Thalassa','Hyakutake'),('Neptune','HD 38529','Titan','Halleys'),('Neptune','HD 38529','Titan','Hyakutake'),('Neptune','HD 38529','Titania','Halleys'),('Neptune','HD 38529','Titania','Hyakutake'),('Neptune','HD 38529','Triton','Halleys'),('Neptune','HD 38529','Triton','Hyakutake'),('Neptune','HD 38529','Umbriel','Halleys'),('Neptune','HD 38529','Umbriel','Hyakutake'),('Saturn','HD 38529','Callisto','Halleys'),('Saturn','HD 38529','Callisto','Hyakutake'),('Saturn','HD 38529','Deimos','Halleys'),('Saturn','HD 38529','Deimos','Hyakutake'),('Saturn','HD 38529','Dione','Halleys'),('Saturn','HD 38529','Dione','Hyakutake'),('Saturn','HD 38529','Enceladus','Halleys'),('Saturn','HD 38529','Enceladus','Hyakutake'),('Saturn','HD 38529','Europa','Halleys'),('Saturn','HD 38529','Europa','Hyakutake'),('Saturn','HD 38529','Ganymede','Halleys'),('Saturn','HD 38529','Ganymede','Hyakutake'),('Saturn','HD 38529','Io','Halleys'),('Saturn','HD 38529','Io','Hyakutake'),('Saturn','HD 38529','Lapetus','Halleys'),('Saturn','HD 38529','Lapetus','Hyakutake'),('Saturn','HD 38529','Mimas','Halleys'),('Saturn','HD 38529','Mimas','Hyakutake'),('Saturn','HD 38529','Moon','Halleys'),('Saturn','HD 38529','Moon','Hyakutake'),('Saturn','HD 38529','Oberon','Halleys'),('Saturn','HD 38529','Oberon','Hyakutake'),('Saturn','HD 38529','Phobos','Halleys'),('Saturn','HD 38529','Phobos','Hyakutake'),('Saturn','HD 38529','Thalassa','Halleys'),('Saturn','HD 38529','Thalassa','Hyakutake'),('Saturn','HD 38529','Titan','Halleys'),('Saturn','HD 38529','Titan','Hyakutake'),('Saturn','HD 38529','Titania','Halleys'),('Saturn','HD 38529','Titania','Hyakutake'),('Saturn','HD 38529','Triton','Halleys'),('Saturn','HD 38529','Triton','Hyakutake'),('Saturn','HD 38529','Umbriel','Halleys'),('Saturn','HD 38529','Umbriel','Hyakutake'),('Uranus','HD 38529','Callisto','Halleys'),('Uranus','HD 38529','Callisto','Hyakutake'),('Uranus','HD 38529','Deimos','Halleys'),('Uranus','HD 38529','Deimos','Hyakutake'),('Uranus','HD 38529','Dione','Halleys'),('Uranus','HD 38529','Dione','Hyakutake'),('Uranus','HD 38529','Enceladus','Halleys'),('Uranus','HD 38529','Enceladus','Hyakutake'),('Uranus','HD 38529','Europa','Halleys'),('Uranus','HD 38529','Europa','Hyakutake'),('Uranus','HD 38529','Ganymede','Halleys'),('Uranus','HD 38529','Ganymede','Hyakutake'),('Uranus','HD 38529','Io','Halleys'),('Uranus','HD 38529','Io','Hyakutake'),('Uranus','HD 38529','Lapetus','Halleys'),('Uranus','HD 38529','Lapetus','Hyakutake'),('Uranus','HD 38529','Mimas','Halleys'),('Uranus','HD 38529','Mimas','Hyakutake'),('Uranus','HD 38529','Moon','Halleys'),('Uranus','HD 38529','Moon','Hyakutake'),('Uranus','HD 38529','Oberon','Halleys'),('Uranus','HD 38529','Oberon','Hyakutake'),('Uranus','HD 38529','Phobos','Halleys'),('Uranus','HD 38529','Phobos','Hyakutake'),('Uranus','HD 38529','Thalassa','Halleys'),('Uranus','HD 38529','Thalassa','Hyakutake'),('Uranus','HD 38529','Titan','Halleys'),('Uranus','HD 38529','Titan','Hyakutake'),('Uranus','HD 38529','Titania','Halleys'),('Uranus','HD 38529','Titania','Hyakutake'),('Uranus','HD 38529','Triton','Halleys'),('Uranus','HD 38529','Triton','Hyakutake'),('Uranus','HD 38529','Umbriel','Halleys'),('Uranus','HD 38529','Umbriel','Hyakutake'),('Venus','HD 38529','Callisto','Halleys'),('Venus','HD 38529','Callisto','Hyakutake'),('Venus','HD 38529','Deimos','Halleys'),('Venus','HD 38529','Deimos','Hyakutake'),('Venus','HD 38529','Dione','Halleys'),('Venus','HD 38529','Dione','Hyakutake'),('Venus','HD 38529','Enceladus','Halleys'),('Venus','HD 38529','Enceladus','Hyakutake'),('Venus','HD 38529','Europa','Halleys'),('Venus','HD 38529','Europa','Hyakutake'),('Venus','HD 38529','Ganymede','Halleys'),('Venus','HD 38529','Ganymede','Hyakutake'),('Venus','HD 38529','Io','Halleys'),('Venus','HD 38529','Io','Hyakutake'),('Venus','HD 38529','Lapetus','Halleys'),('Venus','HD 38529','Lapetus','Hyakutake'),('Venus','HD 38529','Mimas','Halleys'),('Venus','HD 38529','Mimas','Hyakutake'),('Venus','HD 38529','Moon','Halleys'),('Venus','HD 38529','Moon','Hyakutake'),('Venus','HD 38529','Oberon','Halleys'),('Venus','HD 38529','Oberon','Hyakutake'),('Venus','HD 38529','Phobos','Halleys'),('Venus','HD 38529','Phobos','Hyakutake'),('Venus','HD 38529','Thalassa','Halleys'),('Venus','HD 38529','Thalassa','Hyakutake'),('Venus','HD 38529','Titan','Halleys'),('Venus','HD 38529','Titan','Hyakutake'),('Venus','HD 38529','Titania','Halleys'),('Venus','HD 38529','Titania','Hyakutake'),('Venus','HD 38529','Triton','Halleys'),('Venus','HD 38529','Triton','Hyakutake'),('Venus','HD 38529','Umbriel','Halleys'),('Venus','HD 38529','Umbriel','Hyakutake'),('Earth','Sirius A','Callisto','Halleys'),('Earth','Sirius A','Callisto','Hyakutake'),('Earth','Sirius A','Deimos','Halleys'),('Earth','Sirius A','Deimos','Hyakutake'),('Earth','Sirius A','Dione','Halleys'),('Earth','Sirius A','Dione','Hyakutake'),('Earth','Sirius A','Enceladus','Halleys'),('Earth','Sirius A','Enceladus','Hyakutake'),('Earth','Sirius A','Europa','Halleys'),('Earth','Sirius A','Europa','Hyakutake'),('Earth','Sirius A','Ganymede','Halleys'),('Earth','Sirius A','Ganymede','Hyakutake'),('Earth','Sirius A','Io','Halleys'),('Earth','Sirius A','Io','Hyakutake'),('Earth','Sirius A','Lapetus','Halleys'),('Earth','Sirius A','Lapetus','Hyakutake'),('Earth','Sirius A','Mimas','Halleys'),('Earth','Sirius A','Mimas','Hyakutake'),('Earth','Sirius A','Moon','Halleys'),('Earth','Sirius A','Moon','Hyakutake'),('Earth','Sirius A','Oberon','Halleys'),('Earth','Sirius A','Oberon','Hyakutake'),('Earth','Sirius A','Phobos','Halleys'),('Earth','Sirius A','Phobos','Hyakutake'),('Earth','Sirius A','Thalassa','Halleys'),('Earth','Sirius A','Thalassa','Hyakutake'),('Earth','Sirius A','Titan','Halleys'),('Earth','Sirius A','Titan','Hyakutake'),('Earth','Sirius A','Titania','Halleys'),('Earth','Sirius A','Titania','Hyakutake'),('Earth','Sirius A','Triton','Halleys'),('Earth','Sirius A','Triton','Hyakutake'),('Earth','Sirius A','Umbriel','Halleys'),('Earth','Sirius A','Umbriel','Hyakutake'),('HD 37605 c','Sirius A','Callisto','Halleys'),('HD 37605 c','Sirius A','Callisto','Hyakutake'),('HD 37605 c','Sirius A','Deimos','Halleys'),('HD 37605 c','Sirius A','Deimos','Hyakutake'),('HD 37605 c','Sirius A','Dione','Halleys'),('HD 37605 c','Sirius A','Dione','Hyakutake'),('HD 37605 c','Sirius A','Enceladus','Halleys'),('HD 37605 c','Sirius A','Enceladus','Hyakutake'),('HD 37605 c','Sirius A','Europa','Halleys'),('HD 37605 c','Sirius A','Europa','Hyakutake'),('HD 37605 c','Sirius A','Ganymede','Halleys'),('HD 37605 c','Sirius A','Ganymede','Hyakutake'),('HD 37605 c','Sirius A','Io','Halleys'),('HD 37605 c','Sirius A','Io','Hyakutake'),('HD 37605 c','Sirius A','Lapetus','Halleys'),('HD 37605 c','Sirius A','Lapetus','Hyakutake'),('HD 37605 c','Sirius A','Mimas','Halleys'),('HD 37605 c','Sirius A','Mimas','Hyakutake'),('HD 37605 c','Sirius A','Moon','Halleys'),('HD 37605 c','Sirius A','Moon','Hyakutake'),('HD 37605 c','Sirius A','Oberon','Halleys'),('HD 37605 c','Sirius A','Oberon','Hyakutake'),('HD 37605 c','Sirius A','Phobos','Halleys'),('HD 37605 c','Sirius A','Phobos','Hyakutake'),('HD 37605 c','Sirius A','Thalassa','Halleys'),('HD 37605 c','Sirius A','Thalassa','Hyakutake'),('HD 37605 c','Sirius A','Titan','Halleys'),('HD 37605 c','Sirius A','Titan','Hyakutake'),('HD 37605 c','Sirius A','Titania','Halleys'),('HD 37605 c','Sirius A','Titania','Hyakutake'),('HD 37605 c','Sirius A','Triton','Halleys'),('HD 37605 c','Sirius A','Triton','Hyakutake'),('HD 37605 c','Sirius A','Umbriel','Halleys'),('HD 37605 c','Sirius A','Umbriel','Hyakutake'),('HD 38529 b','Sirius A','Callisto','Halleys'),('HD 38529 b','Sirius A','Callisto','Hyakutake'),('HD 38529 b','Sirius A','Deimos','Halleys'),('HD 38529 b','Sirius A','Deimos','Hyakutake'),('HD 38529 b','Sirius A','Dione','Halleys'),('HD 38529 b','Sirius A','Dione','Hyakutake'),('HD 38529 b','Sirius A','Enceladus','Halleys'),('HD 38529 b','Sirius A','Enceladus','Hyakutake'),('HD 38529 b','Sirius A','Europa','Halleys'),('HD 38529 b','Sirius A','Europa','Hyakutake'),('HD 38529 b','Sirius A','Ganymede','Halleys'),('HD 38529 b','Sirius A','Ganymede','Hyakutake'),('HD 38529 b','Sirius A','Io','Halleys'),('HD 38529 b','Sirius A','Io','Hyakutake'),('HD 38529 b','Sirius A','Lapetus','Halleys'),('HD 38529 b','Sirius A','Lapetus','Hyakutake'),('HD 38529 b','Sirius A','Mimas','Halleys'),('HD 38529 b','Sirius A','Mimas','Hyakutake'),('HD 38529 b','Sirius A','Moon','Halleys'),('HD 38529 b','Sirius A','Moon','Hyakutake'),('HD 38529 b','Sirius A','Oberon','Halleys'),('HD 38529 b','Sirius A','Oberon','Hyakutake'),('HD 38529 b','Sirius A','Phobos','Halleys'),('HD 38529 b','Sirius A','Phobos','Hyakutake'),('HD 38529 b','Sirius A','Thalassa','Halleys'),('HD 38529 b','Sirius A','Thalassa','Hyakutake'),('HD 38529 b','Sirius A','Titan','Halleys'),('HD 38529 b','Sirius A','Titan','Hyakutake'),('HD 38529 b','Sirius A','Titania','Halleys'),('HD 38529 b','Sirius A','Titania','Hyakutake'),('HD 38529 b','Sirius A','Triton','Halleys'),('HD 38529 b','Sirius A','Triton','Hyakutake'),('HD 38529 b','Sirius A','Umbriel','Halleys'),('HD 38529 b','Sirius A','Umbriel','Hyakutake'),('HD 38529 c','Sirius A','Callisto','Halleys'),('HD 38529 c','Sirius A','Callisto','Hyakutake'),('HD 38529 c','Sirius A','Deimos','Halleys'),('HD 38529 c','Sirius A','Deimos','Hyakutake'),('HD 38529 c','Sirius A','Dione','Halleys'),('HD 38529 c','Sirius A','Dione','Hyakutake'),('HD 38529 c','Sirius A','Enceladus','Halleys'),('HD 38529 c','Sirius A','Enceladus','Hyakutake'),('HD 38529 c','Sirius A','Europa','Halleys'),('HD 38529 c','Sirius A','Europa','Hyakutake'),('HD 38529 c','Sirius A','Ganymede','Halleys'),('HD 38529 c','Sirius A','Ganymede','Hyakutake'),('HD 38529 c','Sirius A','Io','Halleys'),('HD 38529 c','Sirius A','Io','Hyakutake'),('HD 38529 c','Sirius A','Lapetus','Halleys'),('HD 38529 c','Sirius A','Lapetus','Hyakutake'),('HD 38529 c','Sirius A','Mimas','Halleys'),('HD 38529 c','Sirius A','Mimas','Hyakutake'),('HD 38529 c','Sirius A','Moon','Halleys'),('HD 38529 c','Sirius A','Moon','Hyakutake'),('HD 38529 c','Sirius A','Oberon','Halleys'),('HD 38529 c','Sirius A','Oberon','Hyakutake'),('HD 38529 c','Sirius A','Phobos','Halleys'),('HD 38529 c','Sirius A','Phobos','Hyakutake'),('HD 38529 c','Sirius A','Thalassa','Halleys'),('HD 38529 c','Sirius A','Thalassa','Hyakutake'),('HD 38529 c','Sirius A','Titan','Halleys'),('HD 38529 c','Sirius A','Titan','Hyakutake'),('HD 38529 c','Sirius A','Titania','Halleys'),('HD 38529 c','Sirius A','Titania','Hyakutake'),('HD 38529 c','Sirius A','Triton','Halleys'),('HD 38529 c','Sirius A','Triton','Hyakutake'),('HD 38529 c','Sirius A','Umbriel','Halleys'),('HD 38529 c','Sirius A','Umbriel','Hyakutake'),('Jupiter','Sirius A','Callisto','Halleys'),('Jupiter','Sirius A','Callisto','Hyakutake'),('Jupiter','Sirius A','Deimos','Halleys'),('Jupiter','Sirius A','Deimos','Hyakutake'),('Jupiter','Sirius A','Dione','Halleys'),('Jupiter','Sirius A','Dione','Hyakutake'),('Jupiter','Sirius A','Enceladus','Halleys'),('Jupiter','Sirius A','Enceladus','Hyakutake'),('Jupiter','Sirius A','Europa','Halleys'),('Jupiter','Sirius A','Europa','Hyakutake'),('Jupiter','Sirius A','Ganymede','Halleys'),('Jupiter','Sirius A','Ganymede','Hyakutake'),('Jupiter','Sirius A','Io','Halleys'),('Jupiter','Sirius A','Io','Hyakutake'),('Jupiter','Sirius A','Lapetus','Halleys'),('Jupiter','Sirius A','Lapetus','Hyakutake'),('Jupiter','Sirius A','Mimas','Halleys'),('Jupiter','Sirius A','Mimas','Hyakutake'),('Jupiter','Sirius A','Moon','Halleys'),('Jupiter','Sirius A','Moon','Hyakutake'),('Jupiter','Sirius A','Oberon','Halleys'),('Jupiter','Sirius A','Oberon','Hyakutake'),('Jupiter','Sirius A','Phobos','Halleys'),('Jupiter','Sirius A','Phobos','Hyakutake'),('Jupiter','Sirius A','Thalassa','Halleys'),('Jupiter','Sirius A','Thalassa','Hyakutake'),('Jupiter','Sirius A','Titan','Halleys'),('Jupiter','Sirius A','Titan','Hyakutake'),('Jupiter','Sirius A','Titania','Halleys'),('Jupiter','Sirius A','Titania','Hyakutake'),('Jupiter','Sirius A','Triton','Halleys'),('Jupiter','Sirius A','Triton','Hyakutake'),('Jupiter','Sirius A','Umbriel','Halleys'),('Jupiter','Sirius A','Umbriel','Hyakutake'),('Mars','Sirius A','Callisto','Halleys'),('Mars','Sirius A','Callisto','Hyakutake'),('Mars','Sirius A','Deimos','Halleys'),('Mars','Sirius A','Deimos','Hyakutake'),('Mars','Sirius A','Dione','Halleys'),('Mars','Sirius A','Dione','Hyakutake'),('Mars','Sirius A','Enceladus','Halleys'),('Mars','Sirius A','Enceladus','Hyakutake'),('Mars','Sirius A','Europa','Halleys'),('Mars','Sirius A','Europa','Hyakutake'),('Mars','Sirius A','Ganymede','Halleys'),('Mars','Sirius A','Ganymede','Hyakutake'),('Mars','Sirius A','Io','Halleys'),('Mars','Sirius A','Io','Hyakutake'),('Mars','Sirius A','Lapetus','Halleys'),('Mars','Sirius A','Lapetus','Hyakutake'),('Mars','Sirius A','Mimas','Halleys'),('Mars','Sirius A','Mimas','Hyakutake'),('Mars','Sirius A','Moon','Halleys'),('Mars','Sirius A','Moon','Hyakutake'),('Mars','Sirius A','Oberon','Halleys'),('Mars','Sirius A','Oberon','Hyakutake'),('Mars','Sirius A','Phobos','Halleys'),('Mars','Sirius A','Phobos','Hyakutake'),('Mars','Sirius A','Thalassa','Halleys'),('Mars','Sirius A','Thalassa','Hyakutake'),('Mars','Sirius A','Titan','Halleys'),('Mars','Sirius A','Titan','Hyakutake'),('Mars','Sirius A','Titania','Halleys'),('Mars','Sirius A','Titania','Hyakutake'),('Mars','Sirius A','Triton','Halleys'),('Mars','Sirius A','Triton','Hyakutake'),('Mars','Sirius A','Umbriel','Halleys'),('Mars','Sirius A','Umbriel','Hyakutake'),('Mercury','Sirius A','Callisto','Halleys'),('Mercury','Sirius A','Callisto','Hyakutake'),('Mercury','Sirius A','Deimos','Halleys'),('Mercury','Sirius A','Deimos','Hyakutake'),('Mercury','Sirius A','Dione','Halleys'),('Mercury','Sirius A','Dione','Hyakutake'),('Mercury','Sirius A','Enceladus','Halleys'),('Mercury','Sirius A','Enceladus','Hyakutake'),('Mercury','Sirius A','Europa','Halleys'),('Mercury','Sirius A','Europa','Hyakutake'),('Mercury','Sirius A','Ganymede','Halleys'),('Mercury','Sirius A','Ganymede','Hyakutake'),('Mercury','Sirius A','Io','Halleys'),('Mercury','Sirius A','Io','Hyakutake'),('Mercury','Sirius A','Lapetus','Halleys'),('Mercury','Sirius A','Lapetus','Hyakutake'),('Mercury','Sirius A','Mimas','Halleys'),('Mercury','Sirius A','Mimas','Hyakutake'),('Mercury','Sirius A','Moon','Halleys'),('Mercury','Sirius A','Moon','Hyakutake'),('Mercury','Sirius A','Oberon','Halleys'),('Mercury','Sirius A','Oberon','Hyakutake'),('Mercury','Sirius A','Phobos','Halleys'),('Mercury','Sirius A','Phobos','Hyakutake'),('Mercury','Sirius A','Thalassa','Halleys'),('Mercury','Sirius A','Thalassa','Hyakutake'),('Mercury','Sirius A','Titan','Halleys'),('Mercury','Sirius A','Titan','Hyakutake'),('Mercury','Sirius A','Titania','Halleys'),('Mercury','Sirius A','Titania','Hyakutake'),('Mercury','Sirius A','Triton','Halleys'),('Mercury','Sirius A','Triton','Hyakutake'),('Mercury','Sirius A','Umbriel','Halleys'),('Mercury','Sirius A','Umbriel','Hyakutake'),('Neptune','Sirius A','Callisto','Halleys'),('Neptune','Sirius A','Callisto','Hyakutake'),('Neptune','Sirius A','Deimos','Halleys'),('Neptune','Sirius A','Deimos','Hyakutake'),('Neptune','Sirius A','Dione','Halleys'),('Neptune','Sirius A','Dione','Hyakutake'),('Neptune','Sirius A','Enceladus','Halleys'),('Neptune','Sirius A','Enceladus','Hyakutake'),('Neptune','Sirius A','Europa','Halleys'),('Neptune','Sirius A','Europa','Hyakutake'),('Neptune','Sirius A','Ganymede','Halleys'),('Neptune','Sirius A','Ganymede','Hyakutake'),('Neptune','Sirius A','Io','Halleys'),('Neptune','Sirius A','Io','Hyakutake'),('Neptune','Sirius A','Lapetus','Halleys'),('Neptune','Sirius A','Lapetus','Hyakutake'),('Neptune','Sirius A','Mimas','Halleys'),('Neptune','Sirius A','Mimas','Hyakutake'),('Neptune','Sirius A','Moon','Halleys'),('Neptune','Sirius A','Moon','Hyakutake'),('Neptune','Sirius A','Oberon','Halleys'),('Neptune','Sirius A','Oberon','Hyakutake'),('Neptune','Sirius A','Phobos','Halleys'),('Neptune','Sirius A','Phobos','Hyakutake'),('Neptune','Sirius A','Thalassa','Halleys'),('Neptune','Sirius A','Thalassa','Hyakutake'),('Neptune','Sirius A','Titan','Halleys'),('Neptune','Sirius A','Titan','Hyakutake'),('Neptune','Sirius A','Titania','Halleys'),('Neptune','Sirius A','Titania','Hyakutake'),('Neptune','Sirius A','Triton','Halleys'),('Neptune','Sirius A','Triton','Hyakutake'),('Neptune','Sirius A','Umbriel','Halleys'),('Neptune','Sirius A','Umbriel','Hyakutake'),('Saturn','Sirius A','Callisto','Halleys'),('Saturn','Sirius A','Callisto','Hyakutake'),('Saturn','Sirius A','Deimos','Halleys'),('Saturn','Sirius A','Deimos','Hyakutake'),('Saturn','Sirius A','Dione','Halleys'),('Saturn','Sirius A','Dione','Hyakutake'),('Saturn','Sirius A','Enceladus','Halleys'),('Saturn','Sirius A','Enceladus','Hyakutake'),('Saturn','Sirius A','Europa','Halleys'),('Saturn','Sirius A','Europa','Hyakutake'),('Saturn','Sirius A','Ganymede','Halleys'),('Saturn','Sirius A','Ganymede','Hyakutake'),('Saturn','Sirius A','Io','Halleys'),('Saturn','Sirius A','Io','Hyakutake'),('Saturn','Sirius A','Lapetus','Halleys'),('Saturn','Sirius A','Lapetus','Hyakutake'),('Saturn','Sirius A','Mimas','Halleys'),('Saturn','Sirius A','Mimas','Hyakutake'),('Saturn','Sirius A','Moon','Halleys'),('Saturn','Sirius A','Moon','Hyakutake'),('Saturn','Sirius A','Oberon','Halleys'),('Saturn','Sirius A','Oberon','Hyakutake'),('Saturn','Sirius A','Phobos','Halleys'),('Saturn','Sirius A','Phobos','Hyakutake'),('Saturn','Sirius A','Thalassa','Halleys'),('Saturn','Sirius A','Thalassa','Hyakutake'),('Saturn','Sirius A','Titan','Halleys'),('Saturn','Sirius A','Titan','Hyakutake'),('Saturn','Sirius A','Titania','Halleys'),('Saturn','Sirius A','Titania','Hyakutake'),('Saturn','Sirius A','Triton','Halleys'),('Saturn','Sirius A','Triton','Hyakutake'),('Saturn','Sirius A','Umbriel','Halleys'),('Saturn','Sirius A','Umbriel','Hyakutake'),('Uranus','Sirius A','Callisto','Halleys'),('Uranus','Sirius A','Callisto','Hyakutake'),('Uranus','Sirius A','Deimos','Halleys'),('Uranus','Sirius A','Deimos','Hyakutake'),('Uranus','Sirius A','Dione','Halleys'),('Uranus','Sirius A','Dione','Hyakutake'),('Uranus','Sirius A','Enceladus','Halleys'),('Uranus','Sirius A','Enceladus','Hyakutake'),('Uranus','Sirius A','Europa','Halleys'),('Uranus','Sirius A','Europa','Hyakutake'),('Uranus','Sirius A','Ganymede','Halleys'),('Uranus','Sirius A','Ganymede','Hyakutake'),('Uranus','Sirius A','Io','Halleys'),('Uranus','Sirius A','Io','Hyakutake'),('Uranus','Sirius A','Lapetus','Halleys'),('Uranus','Sirius A','Lapetus','Hyakutake'),('Uranus','Sirius A','Mimas','Halleys'),('Uranus','Sirius A','Mimas','Hyakutake'),('Uranus','Sirius A','Moon','Halleys'),('Uranus','Sirius A','Moon','Hyakutake'),('Uranus','Sirius A','Oberon','Halleys'),('Uranus','Sirius A','Oberon','Hyakutake'),('Uranus','Sirius A','Phobos','Halleys'),('Uranus','Sirius A','Phobos','Hyakutake'),('Uranus','Sirius A','Thalassa','Halleys'),('Uranus','Sirius A','Thalassa','Hyakutake'),('Uranus','Sirius A','Titan','Halleys'),('Uranus','Sirius A','Titan','Hyakutake'),('Uranus','Sirius A','Titania','Halleys'),('Uranus','Sirius A','Titania','Hyakutake'),('Uranus','Sirius A','Triton','Halleys'),('Uranus','Sirius A','Triton','Hyakutake'),('Uranus','Sirius A','Umbriel','Halleys'),('Uranus','Sirius A','Umbriel','Hyakutake'),('Venus','Sirius A','Callisto','Halleys'),('Venus','Sirius A','Callisto','Hyakutake'),('Venus','Sirius A','Deimos','Halleys'),('Venus','Sirius A','Deimos','Hyakutake'),('Venus','Sirius A','Dione','Halleys'),('Venus','Sirius A','Dione','Hyakutake'),('Venus','Sirius A','Enceladus','Halleys'),('Venus','Sirius A','Enceladus','Hyakutake'),('Venus','Sirius A','Europa','Halleys'),('Venus','Sirius A','Europa','Hyakutake'),('Venus','Sirius A','Ganymede','Halleys'),('Venus','Sirius A','Ganymede','Hyakutake'),('Venus','Sirius A','Io','Halleys'),('Venus','Sirius A','Io','Hyakutake'),('Venus','Sirius A','Lapetus','Halleys'),('Venus','Sirius A','Lapetus','Hyakutake'),('Venus','Sirius A','Mimas','Halleys'),('Venus','Sirius A','Mimas','Hyakutake'),('Venus','Sirius A','Moon','Halleys'),('Venus','Sirius A','Moon','Hyakutake'),('Venus','Sirius A','Oberon','Halleys'),('Venus','Sirius A','Oberon','Hyakutake'),('Venus','Sirius A','Phobos','Halleys'),('Venus','Sirius A','Phobos','Hyakutake'),('Venus','Sirius A','Thalassa','Halleys'),('Venus','Sirius A','Thalassa','Hyakutake'),('Venus','Sirius A','Titan','Halleys'),('Venus','Sirius A','Titan','Hyakutake'),('Venus','Sirius A','Titania','Halleys'),('Venus','Sirius A','Titania','Hyakutake'),('Venus','Sirius A','Triton','Halleys'),('Venus','Sirius A','Triton','Hyakutake'),('Venus','Sirius A','Umbriel','Halleys'),('Venus','Sirius A','Umbriel','Hyakutake'),('Earth','Sirius B','Callisto','Halleys'),('Earth','Sirius B','Callisto','Hyakutake'),('Earth','Sirius B','Deimos','Halleys'),('Earth','Sirius B','Deimos','Hyakutake'),('Earth','Sirius B','Dione','Halleys'),('Earth','Sirius B','Dione','Hyakutake'),('Earth','Sirius B','Enceladus','Halleys'),('Earth','Sirius B','Enceladus','Hyakutake'),('Earth','Sirius B','Europa','Halleys'),('Earth','Sirius B','Europa','Hyakutake'),('Earth','Sirius B','Ganymede','Halleys'),('Earth','Sirius B','Ganymede','Hyakutake'),('Earth','Sirius B','Io','Halleys'),('Earth','Sirius B','Io','Hyakutake'),('Earth','Sirius B','Lapetus','Halleys'),('Earth','Sirius B','Lapetus','Hyakutake'),('Earth','Sirius B','Mimas','Halleys'),('Earth','Sirius B','Mimas','Hyakutake'),('Earth','Sirius B','Moon','Halleys'),('Earth','Sirius B','Moon','Hyakutake'),('Earth','Sirius B','Oberon','Halleys'),('Earth','Sirius B','Oberon','Hyakutake'),('Earth','Sirius B','Phobos','Halleys'),('Earth','Sirius B','Phobos','Hyakutake'),('Earth','Sirius B','Thalassa','Halleys'),('Earth','Sirius B','Thalassa','Hyakutake'),('Earth','Sirius B','Titan','Halleys'),('Earth','Sirius B','Titan','Hyakutake'),('Earth','Sirius B','Titania','Halleys'),('Earth','Sirius B','Titania','Hyakutake'),('Earth','Sirius B','Triton','Halleys'),('Earth','Sirius B','Triton','Hyakutake'),('Earth','Sirius B','Umbriel','Halleys'),('Earth','Sirius B','Umbriel','Hyakutake'),('HD 37605 c','Sirius B','Callisto','Halleys'),('HD 37605 c','Sirius B','Callisto','Hyakutake'),('HD 37605 c','Sirius B','Deimos','Halleys'),('HD 37605 c','Sirius B','Deimos','Hyakutake'),('HD 37605 c','Sirius B','Dione','Halleys'),('HD 37605 c','Sirius B','Dione','Hyakutake'),('HD 37605 c','Sirius B','Enceladus','Halleys'),('HD 37605 c','Sirius B','Enceladus','Hyakutake'),('HD 37605 c','Sirius B','Europa','Halleys'),('HD 37605 c','Sirius B','Europa','Hyakutake'),('HD 37605 c','Sirius B','Ganymede','Halleys'),('HD 37605 c','Sirius B','Ganymede','Hyakutake'),('HD 37605 c','Sirius B','Io','Halleys'),('HD 37605 c','Sirius B','Io','Hyakutake'),('HD 37605 c','Sirius B','Lapetus','Halleys'),('HD 37605 c','Sirius B','Lapetus','Hyakutake'),('HD 37605 c','Sirius B','Mimas','Halleys'),('HD 37605 c','Sirius B','Mimas','Hyakutake'),('HD 37605 c','Sirius B','Moon','Halleys'),('HD 37605 c','Sirius B','Moon','Hyakutake'),('HD 37605 c','Sirius B','Oberon','Halleys'),('HD 37605 c','Sirius B','Oberon','Hyakutake'),('HD 37605 c','Sirius B','Phobos','Halleys'),('HD 37605 c','Sirius B','Phobos','Hyakutake'),('HD 37605 c','Sirius B','Thalassa','Halleys'),('HD 37605 c','Sirius B','Thalassa','Hyakutake'),('HD 37605 c','Sirius B','Titan','Halleys'),('HD 37605 c','Sirius B','Titan','Hyakutake'),('HD 37605 c','Sirius B','Titania','Halleys'),('HD 37605 c','Sirius B','Titania','Hyakutake'),('HD 37605 c','Sirius B','Triton','Halleys'),('HD 37605 c','Sirius B','Triton','Hyakutake'),('HD 37605 c','Sirius B','Umbriel','Halleys'),('HD 37605 c','Sirius B','Umbriel','Hyakutake'),('HD 38529 b','Sirius B','Callisto','Halleys'),('HD 38529 b','Sirius B','Callisto','Hyakutake'),('HD 38529 b','Sirius B','Deimos','Halleys'),('HD 38529 b','Sirius B','Deimos','Hyakutake'),('HD 38529 b','Sirius B','Dione','Halleys'),('HD 38529 b','Sirius B','Dione','Hyakutake'),('HD 38529 b','Sirius B','Enceladus','Halleys'),('HD 38529 b','Sirius B','Enceladus','Hyakutake'),('HD 38529 b','Sirius B','Europa','Halleys'),('HD 38529 b','Sirius B','Europa','Hyakutake'),('HD 38529 b','Sirius B','Ganymede','Halleys'),('HD 38529 b','Sirius B','Ganymede','Hyakutake'),('HD 38529 b','Sirius B','Io','Halleys'),('HD 38529 b','Sirius B','Io','Hyakutake'),('HD 38529 b','Sirius B','Lapetus','Halleys'),('HD 38529 b','Sirius B','Lapetus','Hyakutake'),('HD 38529 b','Sirius B','Mimas','Halleys'),('HD 38529 b','Sirius B','Mimas','Hyakutake'),('HD 38529 b','Sirius B','Moon','Halleys'),('HD 38529 b','Sirius B','Moon','Hyakutake'),('HD 38529 b','Sirius B','Oberon','Halleys'),('HD 38529 b','Sirius B','Oberon','Hyakutake'),('HD 38529 b','Sirius B','Phobos','Halleys'),('HD 38529 b','Sirius B','Phobos','Hyakutake'),('HD 38529 b','Sirius B','Thalassa','Halleys'),('HD 38529 b','Sirius B','Thalassa','Hyakutake'),('HD 38529 b','Sirius B','Titan','Halleys'),('HD 38529 b','Sirius B','Titan','Hyakutake'),('HD 38529 b','Sirius B','Titania','Halleys'),('HD 38529 b','Sirius B','Titania','Hyakutake'),('HD 38529 b','Sirius B','Triton','Halleys'),('HD 38529 b','Sirius B','Triton','Hyakutake'),('HD 38529 b','Sirius B','Umbriel','Halleys'),('HD 38529 b','Sirius B','Umbriel','Hyakutake'),('HD 38529 c','Sirius B','Callisto','Halleys'),('HD 38529 c','Sirius B','Callisto','Hyakutake'),('HD 38529 c','Sirius B','Deimos','Halleys'),('HD 38529 c','Sirius B','Deimos','Hyakutake'),('HD 38529 c','Sirius B','Dione','Halleys'),('HD 38529 c','Sirius B','Dione','Hyakutake'),('HD 38529 c','Sirius B','Enceladus','Halleys'),('HD 38529 c','Sirius B','Enceladus','Hyakutake'),('HD 38529 c','Sirius B','Europa','Halleys'),('HD 38529 c','Sirius B','Europa','Hyakutake'),('HD 38529 c','Sirius B','Ganymede','Halleys'),('HD 38529 c','Sirius B','Ganymede','Hyakutake'),('HD 38529 c','Sirius B','Io','Halleys'),('HD 38529 c','Sirius B','Io','Hyakutake'),('HD 38529 c','Sirius B','Lapetus','Halleys'),('HD 38529 c','Sirius B','Lapetus','Hyakutake'),('HD 38529 c','Sirius B','Mimas','Halleys'),('HD 38529 c','Sirius B','Mimas','Hyakutake'),('HD 38529 c','Sirius B','Moon','Halleys'),('HD 38529 c','Sirius B','Moon','Hyakutake'),('HD 38529 c','Sirius B','Oberon','Halleys'),('HD 38529 c','Sirius B','Oberon','Hyakutake'),('HD 38529 c','Sirius B','Phobos','Halleys'),('HD 38529 c','Sirius B','Phobos','Hyakutake'),('HD 38529 c','Sirius B','Thalassa','Halleys'),('HD 38529 c','Sirius B','Thalassa','Hyakutake'),('HD 38529 c','Sirius B','Titan','Halleys'),('HD 38529 c','Sirius B','Titan','Hyakutake'),('HD 38529 c','Sirius B','Titania','Halleys'),('HD 38529 c','Sirius B','Titania','Hyakutake'),('HD 38529 c','Sirius B','Triton','Halleys'),('HD 38529 c','Sirius B','Triton','Hyakutake'),('HD 38529 c','Sirius B','Umbriel','Halleys'),('HD 38529 c','Sirius B','Umbriel','Hyakutake'),('Jupiter','Sirius B','Callisto','Halleys'),('Jupiter','Sirius B','Callisto','Hyakutake'),('Jupiter','Sirius B','Deimos','Halleys'),('Jupiter','Sirius B','Deimos','Hyakutake'),('Jupiter','Sirius B','Dione','Halleys'),('Jupiter','Sirius B','Dione','Hyakutake'),('Jupiter','Sirius B','Enceladus','Halleys'),('Jupiter','Sirius B','Enceladus','Hyakutake'),('Jupiter','Sirius B','Europa','Halleys'),('Jupiter','Sirius B','Europa','Hyakutake'),('Jupiter','Sirius B','Ganymede','Halleys'),('Jupiter','Sirius B','Ganymede','Hyakutake'),('Jupiter','Sirius B','Io','Halleys'),('Jupiter','Sirius B','Io','Hyakutake'),('Jupiter','Sirius B','Lapetus','Halleys'),('Jupiter','Sirius B','Lapetus','Hyakutake'),('Jupiter','Sirius B','Mimas','Halleys'),('Jupiter','Sirius B','Mimas','Hyakutake'),('Jupiter','Sirius B','Moon','Halleys'),('Jupiter','Sirius B','Moon','Hyakutake'),('Jupiter','Sirius B','Oberon','Halleys'),('Jupiter','Sirius B','Oberon','Hyakutake'),('Jupiter','Sirius B','Phobos','Halleys'),('Jupiter','Sirius B','Phobos','Hyakutake'),('Jupiter','Sirius B','Thalassa','Halleys'),('Jupiter','Sirius B','Thalassa','Hyakutake'),('Jupiter','Sirius B','Titan','Halleys'),('Jupiter','Sirius B','Titan','Hyakutake'),('Jupiter','Sirius B','Titania','Halleys'),('Jupiter','Sirius B','Titania','Hyakutake'),('Jupiter','Sirius B','Triton','Halleys'),('Jupiter','Sirius B','Triton','Hyakutake'),('Jupiter','Sirius B','Umbriel','Halleys'),('Jupiter','Sirius B','Umbriel','Hyakutake'),('Mars','Sirius B','Callisto','Halleys'),('Mars','Sirius B','Callisto','Hyakutake'),('Mars','Sirius B','Deimos','Halleys'),('Mars','Sirius B','Deimos','Hyakutake'),('Mars','Sirius B','Dione','Halleys'),('Mars','Sirius B','Dione','Hyakutake'),('Mars','Sirius B','Enceladus','Halleys'),('Mars','Sirius B','Enceladus','Hyakutake'),('Mars','Sirius B','Europa','Halleys'),('Mars','Sirius B','Europa','Hyakutake'),('Mars','Sirius B','Ganymede','Halleys'),('Mars','Sirius B','Ganymede','Hyakutake'),('Mars','Sirius B','Io','Halleys'),('Mars','Sirius B','Io','Hyakutake'),('Mars','Sirius B','Lapetus','Halleys'),('Mars','Sirius B','Lapetus','Hyakutake'),('Mars','Sirius B','Mimas','Halleys'),('Mars','Sirius B','Mimas','Hyakutake'),('Mars','Sirius B','Moon','Halleys'),('Mars','Sirius B','Moon','Hyakutake'),('Mars','Sirius B','Oberon','Halleys'),('Mars','Sirius B','Oberon','Hyakutake'),('Mars','Sirius B','Phobos','Halleys'),('Mars','Sirius B','Phobos','Hyakutake'),('Mars','Sirius B','Thalassa','Halleys'),('Mars','Sirius B','Thalassa','Hyakutake'),('Mars','Sirius B','Titan','Halleys'),('Mars','Sirius B','Titan','Hyakutake'),('Mars','Sirius B','Titania','Halleys'),('Mars','Sirius B','Titania','Hyakutake'),('Mars','Sirius B','Triton','Halleys'),('Mars','Sirius B','Triton','Hyakutake'),('Mars','Sirius B','Umbriel','Halleys'),('Mars','Sirius B','Umbriel','Hyakutake'),('Mercury','Sirius B','Callisto','Halleys'),('Mercury','Sirius B','Callisto','Hyakutake'),('Mercury','Sirius B','Deimos','Halleys'),('Mercury','Sirius B','Deimos','Hyakutake'),('Mercury','Sirius B','Dione','Halleys'),('Mercury','Sirius B','Dione','Hyakutake'),('Mercury','Sirius B','Enceladus','Halleys'),('Mercury','Sirius B','Enceladus','Hyakutake'),('Mercury','Sirius B','Europa','Halleys'),('Mercury','Sirius B','Europa','Hyakutake'),('Mercury','Sirius B','Ganymede','Halleys'),('Mercury','Sirius B','Ganymede','Hyakutake'),('Mercury','Sirius B','Io','Halleys'),('Mercury','Sirius B','Io','Hyakutake'),('Mercury','Sirius B','Lapetus','Halleys'),('Mercury','Sirius B','Lapetus','Hyakutake'),('Mercury','Sirius B','Mimas','Halleys'),('Mercury','Sirius B','Mimas','Hyakutake'),('Mercury','Sirius B','Moon','Halleys'),('Mercury','Sirius B','Moon','Hyakutake'),('Mercury','Sirius B','Oberon','Halleys'),('Mercury','Sirius B','Oberon','Hyakutake'),('Mercury','Sirius B','Phobos','Halleys'),('Mercury','Sirius B','Phobos','Hyakutake'),('Mercury','Sirius B','Thalassa','Halleys'),('Mercury','Sirius B','Thalassa','Hyakutake'),('Mercury','Sirius B','Titan','Halleys'),('Mercury','Sirius B','Titan','Hyakutake'),('Mercury','Sirius B','Titania','Halleys'),('Mercury','Sirius B','Titania','Hyakutake'),('Mercury','Sirius B','Triton','Halleys'),('Mercury','Sirius B','Triton','Hyakutake'),('Mercury','Sirius B','Umbriel','Halleys'),('Mercury','Sirius B','Umbriel','Hyakutake'),('Neptune','Sirius B','Callisto','Halleys'),('Neptune','Sirius B','Callisto','Hyakutake'),('Neptune','Sirius B','Deimos','Halleys'),('Neptune','Sirius B','Deimos','Hyakutake'),('Neptune','Sirius B','Dione','Halleys'),('Neptune','Sirius B','Dione','Hyakutake'),('Neptune','Sirius B','Enceladus','Halleys'),('Neptune','Sirius B','Enceladus','Hyakutake'),('Neptune','Sirius B','Europa','Halleys'),('Neptune','Sirius B','Europa','Hyakutake'),('Neptune','Sirius B','Ganymede','Halleys'),('Neptune','Sirius B','Ganymede','Hyakutake'),('Neptune','Sirius B','Io','Halleys'),('Neptune','Sirius B','Io','Hyakutake'),('Neptune','Sirius B','Lapetus','Halleys'),('Neptune','Sirius B','Lapetus','Hyakutake'),('Neptune','Sirius B','Mimas','Halleys'),('Neptune','Sirius B','Mimas','Hyakutake'),('Neptune','Sirius B','Moon','Halleys'),('Neptune','Sirius B','Moon','Hyakutake'),('Neptune','Sirius B','Oberon','Halleys'),('Neptune','Sirius B','Oberon','Hyakutake'),('Neptune','Sirius B','Phobos','Halleys'),('Neptune','Sirius B','Phobos','Hyakutake'),('Neptune','Sirius B','Thalassa','Halleys'),('Neptune','Sirius B','Thalassa','Hyakutake'),('Neptune','Sirius B','Titan','Halleys'),('Neptune','Sirius B','Titan','Hyakutake'),('Neptune','Sirius B','Titania','Halleys'),('Neptune','Sirius B','Titania','Hyakutake'),('Neptune','Sirius B','Triton','Halleys'),('Neptune','Sirius B','Triton','Hyakutake'),('Neptune','Sirius B','Umbriel','Halleys'),('Neptune','Sirius B','Umbriel','Hyakutake'),('Saturn','Sirius B','Callisto','Halleys'),('Saturn','Sirius B','Callisto','Hyakutake'),('Saturn','Sirius B','Deimos','Halleys'),('Saturn','Sirius B','Deimos','Hyakutake'),('Saturn','Sirius B','Dione','Halleys'),('Saturn','Sirius B','Dione','Hyakutake'),('Saturn','Sirius B','Enceladus','Halleys'),('Saturn','Sirius B','Enceladus','Hyakutake'),('Saturn','Sirius B','Europa','Halleys'),('Saturn','Sirius B','Europa','Hyakutake'),('Saturn','Sirius B','Ganymede','Halleys'),('Saturn','Sirius B','Ganymede','Hyakutake'),('Saturn','Sirius B','Io','Halleys'),('Saturn','Sirius B','Io','Hyakutake'),('Saturn','Sirius B','Lapetus','Halleys'),('Saturn','Sirius B','Lapetus','Hyakutake'),('Saturn','Sirius B','Mimas','Halleys'),('Saturn','Sirius B','Mimas','Hyakutake'),('Saturn','Sirius B','Moon','Halleys'),('Saturn','Sirius B','Moon','Hyakutake'),('Saturn','Sirius B','Oberon','Halleys'),('Saturn','Sirius B','Oberon','Hyakutake'),('Saturn','Sirius B','Phobos','Halleys'),('Saturn','Sirius B','Phobos','Hyakutake'),('Saturn','Sirius B','Thalassa','Halleys'),('Saturn','Sirius B','Thalassa','Hyakutake'),('Saturn','Sirius B','Titan','Halleys'),('Saturn','Sirius B','Titan','Hyakutake'),('Saturn','Sirius B','Titania','Halleys'),('Saturn','Sirius B','Titania','Hyakutake'),('Saturn','Sirius B','Triton','Halleys'),('Saturn','Sirius B','Triton','Hyakutake'),('Saturn','Sirius B','Umbriel','Halleys'),('Saturn','Sirius B','Umbriel','Hyakutake'),('Uranus','Sirius B','Callisto','Halleys'),('Uranus','Sirius B','Callisto','Hyakutake'),('Uranus','Sirius B','Deimos','Halleys'),('Uranus','Sirius B','Deimos','Hyakutake'),('Uranus','Sirius B','Dione','Halleys'),('Uranus','Sirius B','Dione','Hyakutake'),('Uranus','Sirius B','Enceladus','Halleys'),('Uranus','Sirius B','Enceladus','Hyakutake'),('Uranus','Sirius B','Europa','Halleys'),('Uranus','Sirius B','Europa','Hyakutake'),('Uranus','Sirius B','Ganymede','Halleys'),('Uranus','Sirius B','Ganymede','Hyakutake'),('Uranus','Sirius B','Io','Halleys'),('Uranus','Sirius B','Io','Hyakutake'),('Uranus','Sirius B','Lapetus','Halleys'),('Uranus','Sirius B','Lapetus','Hyakutake'),('Uranus','Sirius B','Mimas','Halleys'),('Uranus','Sirius B','Mimas','Hyakutake'),('Uranus','Sirius B','Moon','Halleys'),('Uranus','Sirius B','Moon','Hyakutake'),('Uranus','Sirius B','Oberon','Halleys'),('Uranus','Sirius B','Oberon','Hyakutake'),('Uranus','Sirius B','Phobos','Halleys'),('Uranus','Sirius B','Phobos','Hyakutake'),('Uranus','Sirius B','Thalassa','Halleys'),('Uranus','Sirius B','Thalassa','Hyakutake'),('Uranus','Sirius B','Titan','Halleys'),('Uranus','Sirius B','Titan','Hyakutake'),('Uranus','Sirius B','Titania','Halleys'),('Uranus','Sirius B','Titania','Hyakutake'),('Uranus','Sirius B','Triton','Halleys'),('Uranus','Sirius B','Triton','Hyakutake'),('Uranus','Sirius B','Umbriel','Halleys'),('Uranus','Sirius B','Umbriel','Hyakutake'),('Venus','Sirius B','Callisto','Halleys'),('Venus','Sirius B','Callisto','Hyakutake'),('Venus','Sirius B','Deimos','Halleys'),('Venus','Sirius B','Deimos','Hyakutake'),('Venus','Sirius B','Dione','Halleys'),('Venus','Sirius B','Dione','Hyakutake'),('Venus','Sirius B','Enceladus','Halleys'),('Venus','Sirius B','Enceladus','Hyakutake'),('Venus','Sirius B','Europa','Halleys'),('Venus','Sirius B','Europa','Hyakutake'),('Venus','Sirius B','Ganymede','Halleys'),('Venus','Sirius B','Ganymede','Hyakutake'),('Venus','Sirius B','Io','Halleys'),('Venus','Sirius B','Io','Hyakutake'),('Venus','Sirius B','Lapetus','Halleys'),('Venus','Sirius B','Lapetus','Hyakutake'),('Venus','Sirius B','Mimas','Halleys'),('Venus','Sirius B','Mimas','Hyakutake'),('Venus','Sirius B','Moon','Halleys'),('Venus','Sirius B','Moon','Hyakutake'),('Venus','Sirius B','Oberon','Halleys'),('Venus','Sirius B','Oberon','Hyakutake'),('Venus','Sirius B','Phobos','Halleys'),('Venus','Sirius B','Phobos','Hyakutake'),('Venus','Sirius B','Thalassa','Halleys'),('Venus','Sirius B','Thalassa','Hyakutake'),('Venus','Sirius B','Titan','Halleys'),('Venus','Sirius B','Titan','Hyakutake'),('Venus','Sirius B','Titania','Halleys'),('Venus','Sirius B','Titania','Hyakutake'),('Venus','Sirius B','Triton','Halleys'),('Venus','Sirius B','Triton','Hyakutake'),('Venus','Sirius B','Umbriel','Halleys'),('Venus','Sirius B','Umbriel','Hyakutake'),('Earth','Sun','Callisto','Halleys'),('Earth','Sun','Callisto','Hyakutake'),('Earth','Sun','Deimos','Halleys'),('Earth','Sun','Deimos','Hyakutake'),('Earth','Sun','Dione','Halleys'),('Earth','Sun','Dione','Hyakutake'),('Earth','Sun','Enceladus','Halleys'),('Earth','Sun','Enceladus','Hyakutake'),('Earth','Sun','Europa','Halleys'),('Earth','Sun','Europa','Hyakutake'),('Earth','Sun','Ganymede','Halleys'),('Earth','Sun','Ganymede','Hyakutake'),('Earth','Sun','Io','Halleys'),('Earth','Sun','Io','Hyakutake'),('Earth','Sun','Lapetus','Halleys'),('Earth','Sun','Lapetus','Hyakutake'),('Earth','Sun','Mimas','Halleys'),('Earth','Sun','Mimas','Hyakutake'),('Earth','Sun','Moon','Halleys'),('Earth','Sun','Moon','Hyakutake'),('Earth','Sun','Oberon','Halleys'),('Earth','Sun','Oberon','Hyakutake'),('Earth','Sun','Phobos','Halleys'),('Earth','Sun','Phobos','Hyakutake'),('Earth','Sun','Thalassa','Halleys'),('Earth','Sun','Thalassa','Hyakutake'),('Earth','Sun','Titan','Halleys'),('Earth','Sun','Titan','Hyakutake'),('Earth','Sun','Titania','Halleys'),('Earth','Sun','Titania','Hyakutake'),('Earth','Sun','Triton','Halleys'),('Earth','Sun','Triton','Hyakutake'),('Earth','Sun','Umbriel','Halleys'),('Earth','Sun','Umbriel','Hyakutake'),('HD 37605 c','Sun','Callisto','Halleys'),('HD 37605 c','Sun','Callisto','Hyakutake'),('HD 37605 c','Sun','Deimos','Halleys'),('HD 37605 c','Sun','Deimos','Hyakutake'),('HD 37605 c','Sun','Dione','Halleys'),('HD 37605 c','Sun','Dione','Hyakutake'),('HD 37605 c','Sun','Enceladus','Halleys'),('HD 37605 c','Sun','Enceladus','Hyakutake'),('HD 37605 c','Sun','Europa','Halleys'),('HD 37605 c','Sun','Europa','Hyakutake'),('HD 37605 c','Sun','Ganymede','Halleys'),('HD 37605 c','Sun','Ganymede','Hyakutake'),('HD 37605 c','Sun','Io','Halleys'),('HD 37605 c','Sun','Io','Hyakutake'),('HD 37605 c','Sun','Lapetus','Halleys'),('HD 37605 c','Sun','Lapetus','Hyakutake'),('HD 37605 c','Sun','Mimas','Halleys'),('HD 37605 c','Sun','Mimas','Hyakutake'),('HD 37605 c','Sun','Moon','Halleys'),('HD 37605 c','Sun','Moon','Hyakutake'),('HD 37605 c','Sun','Oberon','Halleys'),('HD 37605 c','Sun','Oberon','Hyakutake'),('HD 37605 c','Sun','Phobos','Halleys'),('HD 37605 c','Sun','Phobos','Hyakutake'),('HD 37605 c','Sun','Thalassa','Halleys'),('HD 37605 c','Sun','Thalassa','Hyakutake'),('HD 37605 c','Sun','Titan','Halleys'),('HD 37605 c','Sun','Titan','Hyakutake'),('HD 37605 c','Sun','Titania','Halleys'),('HD 37605 c','Sun','Titania','Hyakutake'),('HD 37605 c','Sun','Triton','Halleys'),('HD 37605 c','Sun','Triton','Hyakutake'),('HD 37605 c','Sun','Umbriel','Halleys'),('HD 37605 c','Sun','Umbriel','Hyakutake'),('HD 38529 b','Sun','Callisto','Halleys'),('HD 38529 b','Sun','Callisto','Hyakutake'),('HD 38529 b','Sun','Deimos','Halleys'),('HD 38529 b','Sun','Deimos','Hyakutake'),('HD 38529 b','Sun','Dione','Halleys'),('HD 38529 b','Sun','Dione','Hyakutake'),('HD 38529 b','Sun','Enceladus','Halleys'),('HD 38529 b','Sun','Enceladus','Hyakutake'),('HD 38529 b','Sun','Europa','Halleys'),('HD 38529 b','Sun','Europa','Hyakutake'),('HD 38529 b','Sun','Ganymede','Halleys'),('HD 38529 b','Sun','Ganymede','Hyakutake'),('HD 38529 b','Sun','Io','Halleys'),('HD 38529 b','Sun','Io','Hyakutake'),('HD 38529 b','Sun','Lapetus','Halleys'),('HD 38529 b','Sun','Lapetus','Hyakutake'),('HD 38529 b','Sun','Mimas','Halleys'),('HD 38529 b','Sun','Mimas','Hyakutake'),('HD 38529 b','Sun','Moon','Halleys'),('HD 38529 b','Sun','Moon','Hyakutake'),('HD 38529 b','Sun','Oberon','Halleys'),('HD 38529 b','Sun','Oberon','Hyakutake'),('HD 38529 b','Sun','Phobos','Halleys'),('HD 38529 b','Sun','Phobos','Hyakutake'),('HD 38529 b','Sun','Thalassa','Halleys'),('HD 38529 b','Sun','Thalassa','Hyakutake'),('HD 38529 b','Sun','Titan','Halleys'),('HD 38529 b','Sun','Titan','Hyakutake'),('HD 38529 b','Sun','Titania','Halleys'),('HD 38529 b','Sun','Titania','Hyakutake'),('HD 38529 b','Sun','Triton','Halleys'),('HD 38529 b','Sun','Triton','Hyakutake'),('HD 38529 b','Sun','Umbriel','Halleys'),('HD 38529 b','Sun','Umbriel','Hyakutake'),('HD 38529 c','Sun','Callisto','Halleys'),('HD 38529 c','Sun','Callisto','Hyakutake'),('HD 38529 c','Sun','Deimos','Halleys'),('HD 38529 c','Sun','Deimos','Hyakutake'),('HD 38529 c','Sun','Dione','Halleys'),('HD 38529 c','Sun','Dione','Hyakutake'),('HD 38529 c','Sun','Enceladus','Halleys'),('HD 38529 c','Sun','Enceladus','Hyakutake'),('HD 38529 c','Sun','Europa','Halleys'),('HD 38529 c','Sun','Europa','Hyakutake'),('HD 38529 c','Sun','Ganymede','Halleys'),('HD 38529 c','Sun','Ganymede','Hyakutake'),('HD 38529 c','Sun','Io','Halleys'),('HD 38529 c','Sun','Io','Hyakutake'),('HD 38529 c','Sun','Lapetus','Halleys'),('HD 38529 c','Sun','Lapetus','Hyakutake'),('HD 38529 c','Sun','Mimas','Halleys'),('HD 38529 c','Sun','Mimas','Hyakutake'),('HD 38529 c','Sun','Moon','Halleys'),('HD 38529 c','Sun','Moon','Hyakutake'),('HD 38529 c','Sun','Oberon','Halleys'),('HD 38529 c','Sun','Oberon','Hyakutake'),('HD 38529 c','Sun','Phobos','Halleys'),('HD 38529 c','Sun','Phobos','Hyakutake'),('HD 38529 c','Sun','Thalassa','Halleys'),('HD 38529 c','Sun','Thalassa','Hyakutake'),('HD 38529 c','Sun','Titan','Halleys'),('HD 38529 c','Sun','Titan','Hyakutake'),('HD 38529 c','Sun','Titania','Halleys'),('HD 38529 c','Sun','Titania','Hyakutake'),('HD 38529 c','Sun','Triton','Halleys'),('HD 38529 c','Sun','Triton','Hyakutake'),('HD 38529 c','Sun','Umbriel','Halleys'),('HD 38529 c','Sun','Umbriel','Hyakutake'),('Jupiter','Sun','Callisto','Halleys'),('Jupiter','Sun','Callisto','Hyakutake'),('Jupiter','Sun','Deimos','Halleys'),('Jupiter','Sun','Deimos','Hyakutake'),('Jupiter','Sun','Dione','Halleys'),('Jupiter','Sun','Dione','Hyakutake'),('Jupiter','Sun','Enceladus','Halleys'),('Jupiter','Sun','Enceladus','Hyakutake'),('Jupiter','Sun','Europa','Halleys'),('Jupiter','Sun','Europa','Hyakutake'),('Jupiter','Sun','Ganymede','Halleys'),('Jupiter','Sun','Ganymede','Hyakutake'),('Jupiter','Sun','Io','Halleys'),('Jupiter','Sun','Io','Hyakutake'),('Jupiter','Sun','Lapetus','Halleys'),('Jupiter','Sun','Lapetus','Hyakutake'),('Jupiter','Sun','Mimas','Halleys'),('Jupiter','Sun','Mimas','Hyakutake'),('Jupiter','Sun','Moon','Halleys'),('Jupiter','Sun','Moon','Hyakutake'),('Jupiter','Sun','Oberon','Halleys'),('Jupiter','Sun','Oberon','Hyakutake'),('Jupiter','Sun','Phobos','Halleys'),('Jupiter','Sun','Phobos','Hyakutake'),('Jupiter','Sun','Thalassa','Halleys'),('Jupiter','Sun','Thalassa','Hyakutake'),('Jupiter','Sun','Titan','Halleys'),('Jupiter','Sun','Titan','Hyakutake'),('Jupiter','Sun','Titania','Halleys'),('Jupiter','Sun','Titania','Hyakutake'),('Jupiter','Sun','Triton','Halleys'),('Jupiter','Sun','Triton','Hyakutake'),('Jupiter','Sun','Umbriel','Halleys'),('Jupiter','Sun','Umbriel','Hyakutake'),('Mars','Sun','Callisto','Halleys'),('Mars','Sun','Callisto','Hyakutake'),('Mars','Sun','Deimos','Halleys'),('Mars','Sun','Deimos','Hyakutake'),('Mars','Sun','Dione','Halleys'),('Mars','Sun','Dione','Hyakutake'),('Mars','Sun','Enceladus','Halleys'),('Mars','Sun','Enceladus','Hyakutake'),('Mars','Sun','Europa','Halleys'),('Mars','Sun','Europa','Hyakutake'),('Mars','Sun','Ganymede','Halleys'),('Mars','Sun','Ganymede','Hyakutake'),('Mars','Sun','Io','Halleys'),('Mars','Sun','Io','Hyakutake'),('Mars','Sun','Lapetus','Halleys'),('Mars','Sun','Lapetus','Hyakutake'),('Mars','Sun','Mimas','Halleys'),('Mars','Sun','Mimas','Hyakutake'),('Mars','Sun','Moon','Halleys'),('Mars','Sun','Moon','Hyakutake'),('Mars','Sun','Oberon','Halleys'),('Mars','Sun','Oberon','Hyakutake'),('Mars','Sun','Phobos','Halleys'),('Mars','Sun','Phobos','Hyakutake'),('Mars','Sun','Thalassa','Halleys'),('Mars','Sun','Thalassa','Hyakutake'),('Mars','Sun','Titan','Halleys'),('Mars','Sun','Titan','Hyakutake'),('Mars','Sun','Titania','Halleys'),('Mars','Sun','Titania','Hyakutake'),('Mars','Sun','Triton','Halleys'),('Mars','Sun','Triton','Hyakutake'),('Mars','Sun','Umbriel','Halleys'),('Mars','Sun','Umbriel','Hyakutake'),('Mercury','Sun','Callisto','Halleys'),('Mercury','Sun','Callisto','Hyakutake'),('Mercury','Sun','Deimos','Halleys'),('Mercury','Sun','Deimos','Hyakutake'),('Mercury','Sun','Dione','Halleys'),('Mercury','Sun','Dione','Hyakutake'),('Mercury','Sun','Enceladus','Halleys'),('Mercury','Sun','Enceladus','Hyakutake'),('Mercury','Sun','Europa','Halleys'),('Mercury','Sun','Europa','Hyakutake'),('Mercury','Sun','Ganymede','Halleys'),('Mercury','Sun','Ganymede','Hyakutake'),('Mercury','Sun','Io','Halleys'),('Mercury','Sun','Io','Hyakutake'),('Mercury','Sun','Lapetus','Halleys'),('Mercury','Sun','Lapetus','Hyakutake'),('Mercury','Sun','Mimas','Halleys'),('Mercury','Sun','Mimas','Hyakutake'),('Mercury','Sun','Moon','Halleys'),('Mercury','Sun','Moon','Hyakutake'),('Mercury','Sun','Oberon','Halleys'),('Mercury','Sun','Oberon','Hyakutake'),('Mercury','Sun','Phobos','Halleys'),('Mercury','Sun','Phobos','Hyakutake'),('Mercury','Sun','Thalassa','Halleys'),('Mercury','Sun','Thalassa','Hyakutake'),('Mercury','Sun','Titan','Halleys'),('Mercury','Sun','Titan','Hyakutake'),('Mercury','Sun','Titania','Halleys'),('Mercury','Sun','Titania','Hyakutake'),('Mercury','Sun','Triton','Halleys'),('Mercury','Sun','Triton','Hyakutake'),('Mercury','Sun','Umbriel','Halleys'),('Mercury','Sun','Umbriel','Hyakutake'),('Neptune','Sun','Callisto','Halleys'),('Neptune','Sun','Callisto','Hyakutake'),('Neptune','Sun','Deimos','Halleys'),('Neptune','Sun','Deimos','Hyakutake'),('Neptune','Sun','Dione','Halleys'),('Neptune','Sun','Dione','Hyakutake'),('Neptune','Sun','Enceladus','Halleys'),('Neptune','Sun','Enceladus','Hyakutake'),('Neptune','Sun','Europa','Halleys'),('Neptune','Sun','Europa','Hyakutake'),('Neptune','Sun','Ganymede','Halleys'),('Neptune','Sun','Ganymede','Hyakutake'),('Neptune','Sun','Io','Halleys'),('Neptune','Sun','Io','Hyakutake'),('Neptune','Sun','Lapetus','Halleys'),('Neptune','Sun','Lapetus','Hyakutake'),('Neptune','Sun','Mimas','Halleys'),('Neptune','Sun','Mimas','Hyakutake'),('Neptune','Sun','Moon','Halleys'),('Neptune','Sun','Moon','Hyakutake'),('Neptune','Sun','Oberon','Halleys'),('Neptune','Sun','Oberon','Hyakutake'),('Neptune','Sun','Phobos','Halleys'),('Neptune','Sun','Phobos','Hyakutake'),('Neptune','Sun','Thalassa','Halleys'),('Neptune','Sun','Thalassa','Hyakutake'),('Neptune','Sun','Titan','Halleys'),('Neptune','Sun','Titan','Hyakutake'),('Neptune','Sun','Titania','Halleys'),('Neptune','Sun','Titania','Hyakutake'),('Neptune','Sun','Triton','Halleys'),('Neptune','Sun','Triton','Hyakutake'),('Neptune','Sun','Umbriel','Halleys'),('Neptune','Sun','Umbriel','Hyakutake'),('Saturn','Sun','Callisto','Halleys'),('Saturn','Sun','Callisto','Hyakutake'),('Saturn','Sun','Deimos','Halleys'),('Saturn','Sun','Deimos','Hyakutake'),('Saturn','Sun','Dione','Halleys'),('Saturn','Sun','Dione','Hyakutake'),('Saturn','Sun','Enceladus','Halleys'),('Saturn','Sun','Enceladus','Hyakutake'),('Saturn','Sun','Europa','Halleys'),('Saturn','Sun','Europa','Hyakutake'),('Saturn','Sun','Ganymede','Halleys'),('Saturn','Sun','Ganymede','Hyakutake'),('Saturn','Sun','Io','Halleys'),('Saturn','Sun','Io','Hyakutake'),('Saturn','Sun','Lapetus','Halleys'),('Saturn','Sun','Lapetus','Hyakutake'),('Saturn','Sun','Mimas','Halleys'),('Saturn','Sun','Mimas','Hyakutake'),('Saturn','Sun','Moon','Halleys'),('Saturn','Sun','Moon','Hyakutake'),('Saturn','Sun','Oberon','Halleys'),('Saturn','Sun','Oberon','Hyakutake'),('Saturn','Sun','Phobos','Halleys'),('Saturn','Sun','Phobos','Hyakutake'),('Saturn','Sun','Thalassa','Halleys'),('Saturn','Sun','Thalassa','Hyakutake'),('Saturn','Sun','Titan','Halleys'),('Saturn','Sun','Titan','Hyakutake'),('Saturn','Sun','Titania','Halleys'),('Saturn','Sun','Titania','Hyakutake'),('Saturn','Sun','Triton','Halleys'),('Saturn','Sun','Triton','Hyakutake'),('Saturn','Sun','Umbriel','Halleys'),('Saturn','Sun','Umbriel','Hyakutake'),('Uranus','Sun','Callisto','Halleys'),('Uranus','Sun','Callisto','Hyakutake'),('Uranus','Sun','Deimos','Halleys'),('Uranus','Sun','Deimos','Hyakutake'),('Uranus','Sun','Dione','Halleys'),('Uranus','Sun','Dione','Hyakutake'),('Uranus','Sun','Enceladus','Halleys'),('Uranus','Sun','Enceladus','Hyakutake'),('Uranus','Sun','Europa','Halleys'),('Uranus','Sun','Europa','Hyakutake'),('Uranus','Sun','Ganymede','Halleys'),('Uranus','Sun','Ganymede','Hyakutake'),('Uranus','Sun','Io','Halleys'),('Uranus','Sun','Io','Hyakutake'),('Uranus','Sun','Lapetus','Halleys'),('Uranus','Sun','Lapetus','Hyakutake'),('Uranus','Sun','Mimas','Halleys'),('Uranus','Sun','Mimas','Hyakutake'),('Uranus','Sun','Moon','Halleys'),('Uranus','Sun','Moon','Hyakutake'),('Uranus','Sun','Oberon','Halleys'),('Uranus','Sun','Oberon','Hyakutake'),('Uranus','Sun','Phobos','Halleys'),('Uranus','Sun','Phobos','Hyakutake'),('Uranus','Sun','Thalassa','Halleys'),('Uranus','Sun','Thalassa','Hyakutake'),('Uranus','Sun','Titan','Halleys'),('Uranus','Sun','Titan','Hyakutake'),('Uranus','Sun','Titania','Halleys'),('Uranus','Sun','Titania','Hyakutake'),('Uranus','Sun','Triton','Halleys'),('Uranus','Sun','Triton','Hyakutake'),('Uranus','Sun','Umbriel','Halleys'),('Uranus','Sun','Umbriel','Hyakutake'),('Venus','Sun','Callisto','Halleys'),('Venus','Sun','Callisto','Hyakutake'),('Venus','Sun','Deimos','Halleys'),('Venus','Sun','Deimos','Hyakutake'),('Venus','Sun','Dione','Halleys'),('Venus','Sun','Dione','Hyakutake'),('Venus','Sun','Enceladus','Halleys'),('Venus','Sun','Enceladus','Hyakutake'),('Venus','Sun','Europa','Halleys'),('Venus','Sun','Europa','Hyakutake'),('Venus','Sun','Ganymede','Halleys'),('Venus','Sun','Ganymede','Hyakutake'),('Venus','Sun','Io','Halleys'),('Venus','Sun','Io','Hyakutake'),('Venus','Sun','Lapetus','Halleys'),('Venus','Sun','Lapetus','Hyakutake'),('Venus','Sun','Mimas','Halleys'),('Venus','Sun','Mimas','Hyakutake'),('Venus','Sun','Moon','Halleys'),('Venus','Sun','Moon','Hyakutake'),('Venus','Sun','Oberon','Halleys'),('Venus','Sun','Oberon','Hyakutake'),('Venus','Sun','Phobos','Halleys'),('Venus','Sun','Phobos','Hyakutake'),('Venus','Sun','Thalassa','Halleys'),('Venus','Sun','Thalassa','Hyakutake'),('Venus','Sun','Titan','Halleys'),('Venus','Sun','Titan','Hyakutake'),('Venus','Sun','Titania','Halleys'),('Venus','Sun','Titania','Hyakutake'),('Venus','Sun','Triton','Halleys'),('Venus','Sun','Triton','Hyakutake'),('Venus','Sun','Umbriel','Halleys'),('Venus','Sun','Umbriel','Hyakutake');
/*!40000 ALTER TABLE `Gravity` ENABLE KEYS */;
UNLOCK TABLES;

--
-- Table structure for table `Moons`
--

DROP TABLE IF EXISTS `Moons`;
/*!40101 SET @saved_cs_client     = @@character_set_client */;
/*!50503 SET character_set_client = utf8mb4 */;
CREATE TABLE `Moons` (
  `Moon_name` varchar(255) NOT NULL,
  `Moon_Radius` mediumtext,
  `Moon_Mass` mediumtext,
  `Planet_Name` varchar(255) DEFAULT NULL,
  PRIMARY KEY (`Moon_name`),
  KEY `Planet_Name` (`Planet_Name`),
  CONSTRAINT `Moons_ibfk_1` FOREIGN KEY (`Planet_Name`) REFERENCES `Planet` (`Planet_Name`)
) ENGINE=InnoDB DEFAULT CHARSET=utf8mb4 COLLATE=utf8mb4_0900_ai_ci;
/*!40101 SET character_set_client = @saved_cs_client */;

--
-- Dumping data for table `Moons`
--

LOCK TABLES `Moons` WRITE;
/*!40000 ALTER TABLE `Moons` DISABLE KEYS */;
INSERT INTO `Moons` VALUES ('Callisto','2410','1075','Jupiter'),('Deimos','0.18',' 0.00014','Mars'),('Dione','561','10.9','Saturn'),('Enceladus','251','1.08','Saturn'),('Europa','1560',' 480','Jupiter'),('Ganymede','0.18',' 0.00014','Jupiter'),('Io','1821','893','Jupiter'),('Lapetus','734','18.06','Saturn'),('Mimas','198','0.37','Saturn'),('Moon','1736',' 7320','Earth'),('Oberon','761','30','Uranus'),('Phobos','11.2667',' 0.00010','Mars'),('Thalassa','41','40','Neptune'),('Titan','2575','1345','Saturn'),('Titania','788','34','Uranus'),('Triton','1353','213','Neptune'),('Umbriel','584','12','Uranus');
/*!40000 ALTER TABLE `Moons` ENABLE KEYS */;
UNLOCK TABLES;

--
-- Table structure for table `Nebula`
--

DROP TABLE IF EXISTS `Nebula`;
/*!40101 SET @saved_cs_client     = @@character_set_client */;
/*!50503 SET character_set_client = utf8mb4 */;
CREATE TABLE `Nebula` (
  `Nebula_name` varchar(255) NOT NULL,
  `Nebula_type` varchar(255) DEFAULT NULL,
  `Apparent_magnitude` float DEFAULT NULL,
  PRIMARY KEY (`Nebula_name`)
) ENGINE=InnoDB DEFAULT CHARSET=utf8mb4 COLLATE=utf8mb4_0900_ai_ci;
/*!40101 SET character_set_client = @saved_cs_client */;

--
-- Dumping data for table `Nebula`
--

LOCK TABLES `Nebula` WRITE;
/*!40000 ALTER TABLE `Nebula` DISABLE KEYS */;
INSERT INTO `Nebula` VALUES ('Orion','Diffuse',4);
/*!40000 ALTER TABLE `Nebula` ENABLE KEYS */;
UNLOCK TABLES;

--
-- Table structure for table `Nebula_color`
--

DROP TABLE IF EXISTS `Nebula_color`;
/*!40101 SET @saved_cs_client     = @@character_set_client */;
/*!50503 SET character_set_client = utf8mb4 */;
CREATE TABLE `Nebula_color` (
  `Nebula_name` varchar(255) NOT NULL,
  `Color` varchar(255) NOT NULL,
  PRIMARY KEY (`Nebula_name`,`Color`),
  CONSTRAINT `Nebula_color_ibfk_1` FOREIGN KEY (`Nebula_name`) REFERENCES `Nebula` (`Nebula_name`)
) ENGINE=InnoDB DEFAULT CHARSET=utf8mb4 COLLATE=utf8mb4_0900_ai_ci;
/*!40101 SET character_set_client = @saved_cs_client */;

--
-- Dumping data for table `Nebula_color`
--

LOCK TABLES `Nebula_color` WRITE;
/*!40000 ALTER TABLE `Nebula_color` DISABLE KEYS */;
INSERT INTO `Nebula_color` VALUES ('Orion',' blue'),('Orion',' violet');
/*!40000 ALTER TABLE `Nebula_color` ENABLE KEYS */;
UNLOCK TABLES;

--
-- Table structure for table `Planet`
--

DROP TABLE IF EXISTS `Planet`;
/*!40101 SET @saved_cs_client     = @@character_set_client */;
/*!50503 SET character_set_client = utf8mb4 */;
CREATE TABLE `Planet` (
  `Planet_Name` varchar(255) NOT NULL,
  `Planet_Radius` mediumtext,
  `Nmoons` mediumtext,
  `Planet_Mass` mediumtext,
  PRIMARY KEY (`Planet_Name`)
) ENGINE=InnoDB DEFAULT CHARSET=utf8mb4 COLLATE=utf8mb4_0900_ai_ci;
/*!40101 SET character_set_client = @saved_cs_client */;

--
-- Dumping data for table `Planet`
--

LOCK TABLES `Planet` WRITE;
/*!40000 ALTER TABLE `Planet` DISABLE KEYS */;
INSERT INTO `Planet` VALUES ('Earth','0.00015','1','0.0031'),('HD 37605 c','1.17','0','3.19'),('HD 38529 b','0.114','0','0.64923'),('HD 38529 c','1.11','0','10.44'),('Jupiter','0.0004','4','1'),('Mars','0.00002','0','0.0003'),('Mercury','0,38','0','0.00025'),('Neptune','0.00016','2','0.053'),('Saturn','0.00038','5','0.299'),('Uranus','0.00016','3','0.045'),('Venus','0.00004','0','0.0025');
/*!40000 ALTER TABLE `Planet` ENABLE KEYS */;
UNLOCK TABLES;

--
-- Table structure for table `Planet_Revolves_Star`
--

DROP TABLE IF EXISTS `Planet_Revolves_Star`;
/*!40101 SET @saved_cs_client     = @@character_set_client */;
/*!50503 SET character_set_client = utf8mb4 */;
CREATE TABLE `Planet_Revolves_Star` (
  `Planet_Name` varchar(255) NOT NULL,
  `Star_Name` varchar(255) NOT NULL,
  PRIMARY KEY (`Planet_Name`,`Star_Name`),
  KEY `Star_Name` (`Star_Name`),
  CONSTRAINT `Planet_Revolves_Star_ibfk_1` FOREIGN KEY (`Planet_Name`) REFERENCES `Planet` (`Planet_Name`),
  CONSTRAINT `Planet_Revolves_Star_ibfk_2` FOREIGN KEY (`Star_Name`) REFERENCES `Star` (`Star_Name`)
) ENGINE=InnoDB DEFAULT CHARSET=utf8mb4 COLLATE=utf8mb4_0900_ai_ci;
/*!40101 SET character_set_client = @saved_cs_client */;

--
-- Dumping data for table `Planet_Revolves_Star`
--

LOCK TABLES `Planet_Revolves_Star` WRITE;
/*!40000 ALTER TABLE `Planet_Revolves_Star` DISABLE KEYS */;
INSERT INTO `Planet_Revolves_Star` VALUES ('HD 37605 c','HD 37605'),('HD 38529 b','HD 38529'),('HD 38529 c','HD 38529'),('Earth','Sun'),('Jupiter','Sun'),('Mars','Sun'),('Mercury','Sun'),('Neptune','Sun'),('Saturn','Sun'),('Uranus','Sun'),('Venus','Sun');
/*!40000 ALTER TABLE `Planet_Revolves_Star` ENABLE KEYS */;
UNLOCK TABLES;

--
-- Table structure for table `Star`
--

DROP TABLE IF EXISTS `Star`;
/*!40101 SET @saved_cs_client     = @@character_set_client */;
/*!50503 SET character_set_client = utf8mb4 */;
CREATE TABLE `Star` (
  `Star_Name` varchar(255) NOT NULL,
  `Star_Radius` mediumtext,
  `Brightness` double DEFAULT NULL,
  `Maxlambda` float DEFAULT NULL,
  `Avglambda` float DEFAULT NULL,
  `Minlambda` float DEFAULT NULL,
  `Revolving_Star_Name` varchar(255) DEFAULT NULL,
  PRIMARY KEY (`Star_Name`),
  KEY `Revolving_Star_Name` (`Revolving_Star_Name`),
  CONSTRAINT `Star_ibfk_1` FOREIGN KEY (`Revolving_Star_Name`) REFERENCES `Star` (`Star_Name`)
) ENGINE=InnoDB DEFAULT CHARSET=utf8mb4 COLLATE=utf8mb4_0900_ai_ci;
/*!40101 SET character_set_client = @saved_cs_client */;

--
-- Dumping data for table `Star`
--

LOCK TABLES `Star` WRITE;
/*!40000 ALTER TABLE `Star` DISABLE KEYS */;
INSERT INTO `Star` VALUES ('HD 37605','0.890000',0.602,538.6,519,500.6,NULL),('HD 38529','2.678',6.16,515.7,508.25,500.7,NULL),('Sirius A','1.711000',25.4,291.5,246,200.5,'Sirius B'),('Sirius B','0.0084',107.65,115.9,107.65,100,'Sirius A'),('Sun','0.004600',1,501,480,425,NULL);
/*!40000 ALTER TABLE `Star` ENABLE KEYS */;
UNLOCK TABLES;

--
-- Table structure for table `Star_belongs_to_Galaxy`
--

DROP TABLE IF EXISTS `Star_belongs_to_Galaxy`;
/*!40101 SET @saved_cs_client     = @@character_set_client */;
/*!50503 SET character_set_client = utf8mb4 */;
CREATE TABLE `Star_belongs_to_Galaxy` (
  `Star_Name` varchar(255) NOT NULL,
  `Galaxy_Name` varchar(255) DEFAULT NULL,
  PRIMARY KEY (`Star_Name`),
  KEY `Galaxy_Name` (`Galaxy_Name`),
  CONSTRAINT `Star_belongs_to_Galaxy_ibfk_1` FOREIGN KEY (`Star_Name`) REFERENCES `Star` (`Star_Name`),
  CONSTRAINT `Star_belongs_to_Galaxy_ibfk_2` FOREIGN KEY (`Galaxy_Name`) REFERENCES `Galaxy` (`Galaxy_Name`)
) ENGINE=InnoDB DEFAULT CHARSET=utf8mb4 COLLATE=utf8mb4_0900_ai_ci;
/*!40101 SET character_set_client = @saved_cs_client */;

--
-- Dumping data for table `Star_belongs_to_Galaxy`
--

LOCK TABLES `Star_belongs_to_Galaxy` WRITE;
/*!40000 ALTER TABLE `Star_belongs_to_Galaxy` DISABLE KEYS */;
INSERT INTO `Star_belongs_to_Galaxy` VALUES ('HD 37605','Milky Way'),('HD 38529','Milky Way'),('Sirius A','Milky Way'),('Sirius B','Milky Way'),('Sun','Milky Way');
/*!40000 ALTER TABLE `Star_belongs_to_Galaxy` ENABLE KEYS */;
UNLOCK TABLES;
/*!40103 SET TIME_ZONE=@OLD_TIME_ZONE */;

/*!40101 SET SQL_MODE=@OLD_SQL_MODE */;
/*!40014 SET FOREIGN_KEY_CHECKS=@OLD_FOREIGN_KEY_CHECKS */;
/*!40014 SET UNIQUE_CHECKS=@OLD_UNIQUE_CHECKS */;
/*!40101 SET CHARACTER_SET_CLIENT=@OLD_CHARACTER_SET_CLIENT */;
/*!40101 SET CHARACTER_SET_RESULTS=@OLD_CHARACTER_SET_RESULTS */;
/*!40101 SET COLLATION_CONNECTION=@OLD_COLLATION_CONNECTION */;
/*!40111 SET SQL_NOTES=@OLD_SQL_NOTES */;

-- Dump completed on 2022-11-27 16:32:16
